X,Y,Name,timestamp,Field_1,Field_2,Field_3,Field_4,Field_5,Field_6
76.844002,8.600027,0,2024/04/26 07:53:02+00,Longitude: 76.844002,Latitude: 8.600027,Heading: 81.2,Time: 2024-04-26T07:53:02Z,,
76.843867,8.600209,-1,2024/04/26 07:53:03+00,Longitude: 76.843867,Latitude: 8.600209,Speed: 55.2 mph,Heading: 323.8,Time: 2024-04-26T07:53:03Z,
76.843867,8.600209,-2,2024/04/26 07:53:04+00,Longitude: 76.843867,Latitude: 8.600209,Altitude: 71.194 ft,Speed: 56.3 mph,Heading: 0.0,Time: 2024-04-26T07:53:04Z
76.843731,8.600393,-3,2024/04/26 07:53:05+00,Longitude: 76.843731,Latitude: 8.600393,Altitude: 68.570 ft,Speed: 56.9 mph,Heading: 323.8,Time: 2024-04-26T07:53:05Z
76.843597,8.600582,-4,2024/04/26 07:53:06+00,Longitude: 76.843597,Latitude: 8.600582,Altitude: 68.241 ft,Speed: 57.8 mph,Heading: 325.0,Time: 2024-04-26T07:53:06Z
76.843463,8.600773,-5,2024/04/26 07:53:07+00,Longitude: 76.843463,Latitude: 8.600773,Altitude: 67.585 ft,Speed: 56.6 mph,Heading: 325.2,Time: 2024-04-26T07:53:07Z
76.843328,8.600963,-6,2024/04/26 07:53:08+00,Longitude: 76.843328,Latitude: 8.600963,Altitude: 65.617 ft,Speed: 57.9 mph,Heading: 324.9,Time: 2024-04-26T07:53:08Z
76.8432,8.601157,-7,2024/04/26 07:53:09+00,Longitude: 76.843200,Latitude: 8.601157,Altitude: 65.617 ft,Speed: 56.3 mph,Heading: 326.9,Time: 2024-04-26T07:53:09Z
76.843064,8.60134,-8,2024/04/26 07:53:10+00,Longitude: 76.843064,Latitude: 8.601340,Altitude: 68.570 ft,Speed: 56.6 mph,Heading: 323.9,Time: 2024-04-26T07:53:10Z
76.842932,8.601528,-9,2024/04/26 07:53:11+00,Longitude: 76.842932,Latitude: 8.601528,Altitude: 67.257 ft,Speed: 56.5 mph,Heading: 325.0,Time: 2024-04-26T07:53:11Z
76.842802,8.601717,-10,2024/04/26 07:53:12+00,Longitude: 76.842802,Latitude: 8.601717,Altitude: 67.585 ft,Speed: 56.1 mph,Heading: 325.8,Time: 2024-04-26T07:53:12Z
76.842671,8.601904,-11,2024/04/26 07:53:13+00,Longitude: 76.842671,Latitude: 8.601904,Altitude: 65.617 ft,Speed: 55.8 mph,Heading: 325.4,Time: 2024-04-26T07:53:13Z
76.842545,8.602094,-12,2024/04/26 07:53:14+00,Longitude: 76.842545,Latitude: 8.602094,Altitude: 63.648 ft,Speed: 55.0 mph,Heading: 326.9,Time: 2024-04-26T07:53:14Z
76.842427,8.602283,-13,2024/04/26 07:53:15+00,Longitude: 76.842427,Latitude: 8.602283,Altitude: 63.320 ft,Speed: 54.8 mph,Heading: 328.0,Time: 2024-04-26T07:53:15Z
76.842306,8.602469,-14,2024/04/26 07:53:16+00,Longitude: 76.842306,Latitude: 8.602469,Altitude: 62.664 ft,Speed: 54.5 mph,Heading: 327.6,Time: 2024-04-26T07:53:16Z
76.842184,8.602653,-15,2024/04/26 07:53:17+00,Longitude: 76.842184,Latitude: 8.602653,Altitude: 62.008 ft,Speed: 54.3 mph,Heading: 326.7,Time: 2024-04-26T07:53:17Z
76.842067,8.602839,-16,2024/04/26 07:53:18+00,Longitude: 76.842067,Latitude: 8.602839,Altitude: 62.336 ft,Speed: 53.7 mph,Heading: 327.9,Time: 2024-04-26T07:53:18Z
76.841949,8.603023,-17,2024/04/26 07:53:19+00,Longitude: 76.841949,Latitude: 8.603023,Altitude: 62.336 ft,Speed: 53.3 mph,Heading: 327.8,Time: 2024-04-26T07:53:19Z
76.841832,8.603206,-18,2024/04/26 07:53:20+00,Longitude: 76.841832,Latitude: 8.603206,Altitude: 62.336 ft,Speed: 52.5 mph,Heading: 327.6,Time: 2024-04-26T07:53:20Z
76.841719,8.603388,-19,2024/04/26 07:53:21+00,Longitude: 76.841719,Latitude: 8.603388,Altitude: 63.976 ft,Speed: 52.4 mph,Heading: 328.6,Time: 2024-04-26T07:53:21Z
76.841607,8.603572,-20,2024/04/26 07:53:22+00,Longitude: 76.841607,Latitude: 8.603572,Altitude: 64.304 ft,Speed: 52.4 mph,Heading: 328.8,Time: 2024-04-26T07:53:22Z
76.841482,8.603746,-21,2024/04/26 07:53:23+00,Longitude: 76.841482,Latitude: 8.603746,Altitude: 63.976 ft,Speed: 52.1 mph,Heading: 324.6,Time: 2024-04-26T07:53:23Z
76.841358,8.603919,-22,2024/04/26 07:53:24+00,Longitude: 76.841358,Latitude: 8.603919,Altitude: 65.617 ft,Speed: 51.7 mph,Heading: 324.6,Time: 2024-04-26T07:53:24Z
76.841225,8.604086,-23,2024/04/26 07:53:25+00,Longitude: 76.841225,Latitude: 8.604086,Altitude: 66.273 ft,Speed: 51.4 mph,Heading: 321.9,Time: 2024-04-26T07:53:25Z
76.84109,8.604247,-24,2024/04/26 07:53:26+00,Longitude: 76.841090,Latitude: 8.604247,Altitude: 66.273 ft,Speed: 51.2 mph,Heading: 320.3,Time: 2024-04-26T07:53:26Z
76.840948,8.6044,-25,2024/04/26 07:53:27+00,Longitude: 76.840948,Latitude: 8.604400,Altitude: 66.601 ft,Speed: 51.4 mph,Heading: 317.4,Time: 2024-04-26T07:53:27Z
76.840802,8.604549,-26,2024/04/26 07:53:28+00,Longitude: 76.840802,Latitude: 8.604549,Altitude: 71.522 ft,Speed: 48.6 mph,Heading: 316.0,Time: 2024-04-26T07:53:28Z
76.840655,8.604687,-27,2024/04/26 07:53:29+00,Longitude: 76.840655,Latitude: 8.604687,Altitude: 69.882 ft,Speed: 49.2 mph,Heading: 313.6,Time: 2024-04-26T07:53:29Z
76.840506,8.604822,-28,2024/04/26 07:53:30+00,Longitude: 76.840506,Latitude: 8.604822,Altitude: 70.866 ft,Speed: 48.8 mph,Heading: 312.4,Time: 2024-04-26T07:53:30Z
76.840354,8.604951,-29,2024/04/26 07:53:31+00,Longitude: 76.840354,Latitude: 8.604951,Altitude: 70.210 ft,Speed: 48.6 mph,Heading: 310.7,Time: 2024-04-26T07:53:31Z
76.8402,8.605076,-30,2024/04/26 07:53:32+00,Longitude: 76.840200,Latitude: 8.605076,Altitude: 69.882 ft,Speed: 48.1 mph,Heading: 309.4,Time: 2024-04-26T07:53:32Z
76.840043,8.605197,-31,2024/04/26 07:53:33+00,Longitude: 76.840043,Latitude: 8.605197,Altitude: 71.194 ft,Speed: 45.9 mph,Heading: 307.9,Time: 2024-04-26T07:53:33Z
76.839899,8.605318,-32,2024/04/26 07:53:34+00,Longitude: 76.839899,Latitude: 8.605318,Altitude: 70.210 ft,Speed: 44.5 mph,Heading: 310.4,Time: 2024-04-26T07:53:34Z
76.839759,8.605437,-33,2024/04/26 07:53:35+00,Longitude: 76.839759,Latitude: 8.605437,Altitude: 69.554 ft,Speed: 44.9 mph,Heading: 310.6,Time: 2024-04-26T07:53:35Z
76.83962,8.605556,-34,2024/04/26 07:53:36+00,Longitude: 76.839620,Latitude: 8.605556,Altitude: 71.522 ft,Speed: 43.7 mph,Heading: 311.1,Time: 2024-04-26T07:53:36Z
76.839486,8.605676,-35,2024/04/26 07:53:37+00,Longitude: 76.839486,Latitude: 8.605676,Altitude: 75.131 ft,Speed: 42.5 mph,Heading: 311.9,Time: 2024-04-26T07:53:37Z
76.839356,8.605792,-36,2024/04/26 07:53:38+00,Longitude: 76.839356,Latitude: 8.605792,Altitude: 76.444 ft,Speed: 40.3 mph,Heading: 312.1,Time: 2024-04-26T07:53:38Z
76.839231,8.605903,-37,2024/04/26 07:53:39+00,Longitude: 76.839231,Latitude: 8.605903,Altitude: 79.068 ft,Speed: 40.9 mph,Heading: 312.0,Time: 2024-04-26T07:53:39Z
76.839106,8.606012,-38,2024/04/26 07:53:40+00,Longitude: 76.839106,Latitude: 8.606012,Altitude: 79.724 ft,Speed: 40.9 mph,Heading: 311.5,Time: 2024-04-26T07:53:40Z
76.838974,8.606117,-39,2024/04/26 07:53:41+00,Longitude: 76.838974,Latitude: 8.606117,Altitude: 80.709 ft,Speed: 39.6 mph,Heading: 308.9,Time: 2024-04-26T07:53:41Z
76.83885,8.606222,-40,2024/04/26 07:53:42+00,Longitude: 76.838850,Latitude: 8.606222,Altitude: 81.037 ft,Speed: 37.8 mph,Heading: 310.5,Time: 2024-04-26T07:53:42Z
76.838736,8.606328,-41,2024/04/26 07:53:43+00,Longitude: 76.838736,Latitude: 8.606328,Altitude: 80.709 ft,Speed: 36.3 mph,Heading: 313.1,Time: 2024-04-26T07:53:43Z
76.838632,8.606434,-42,2024/04/26 07:53:44+00,Longitude: 76.838632,Latitude: 8.606434,Altitude: 83.005 ft,Speed: 37.2 mph,Heading: 316.1,Time: 2024-04-26T07:53:44Z
76.838515,8.606532,-43,2024/04/26 07:53:45+00,Longitude: 76.838515,Latitude: 8.606532,Altitude: 83.661 ft,Speed: 35.0 mph,Heading: 310.4,Time: 2024-04-26T07:53:45Z
76.838406,8.606626,-44,2024/04/26 07:53:46+00,Longitude: 76.838406,Latitude: 8.606626,Altitude: 83.990 ft,Speed: 34.0 mph,Heading: 310.8,Time: 2024-04-26T07:53:46Z
76.8383,8.606715,-45,2024/04/26 07:53:47+00,Longitude: 76.838300,Latitude: 8.606715,Altitude: 86.614 ft,Speed: 33.9 mph,Heading: 310.4,Time: 2024-04-26T07:53:47Z
76.838195,8.606804,-46,2024/04/26 07:53:48+00,Longitude: 76.838195,Latitude: 8.606804,Altitude: 88.255 ft,Speed: 33.4 mph,Heading: 310.6,Time: 2024-04-26T07:53:48Z
76.838094,8.606894,-47,2024/04/26 07:53:49+00,Longitude: 76.838094,Latitude: 8.606894,Altitude: 89.895 ft,Speed: 31.9 mph,Heading: 312.3,Time: 2024-04-26T07:53:49Z
76.837997,8.606982,-48,2024/04/26 07:53:50+00,Longitude: 76.837997,Latitude: 8.606982,Altitude: 88.911 ft,Speed: 32.8 mph,Heading: 312.4,Time: 2024-04-26T07:53:50Z
76.837897,8.607069,-49,2024/04/26 07:53:51+00,Longitude: 76.837897,Latitude: 8.607069,Altitude: 88.911 ft,Speed: 31.9 mph,Heading: 311.3,Time: 2024-04-26T07:53:51Z
76.837796,8.607152,-50,2024/04/26 07:53:52+00,Longitude: 76.837796,Latitude: 8.607152,Altitude: 88.255 ft,Speed: 31.5 mph,Heading: 309.4,Time: 2024-04-26T07:53:52Z
76.837701,8.607235,-51,2024/04/26 07:53:53+00,Longitude: 76.837701,Latitude: 8.607235,Altitude: 89.239 ft,Speed: 25.6 mph,Heading: 311.7,Time: 2024-04-26T07:53:53Z
76.837631,8.607315,-52,2024/04/26 07:53:54+00,Longitude: 76.837631,Latitude: 8.607315,Altitude: 91.207 ft,Speed: 29.1 mph,Heading: 319.2,Time: 2024-04-26T07:53:54Z
76.837542,8.607391,-53,2024/04/26 07:53:55+00,Longitude: 76.837542,Latitude: 8.607391,Altitude: 92.848 ft,Speed: 27.8 mph,Heading: 310.9,Time: 2024-04-26T07:53:55Z
76.837459,8.607469,-54,2024/04/26 07:53:56+00,Longitude: 76.837459,Latitude: 8.607469,Altitude: 94.816 ft,Speed: 26.1 mph,Heading: 313.2,Time: 2024-04-26T07:53:56Z
76.837384,8.607547,-55,2024/04/26 07:53:57+00,Longitude: 76.837384,Latitude: 8.607547,Altitude: 96.785 ft,Speed: 26.1 mph,Heading: 316.5,Time: 2024-04-26T07:53:57Z
76.837303,8.60762,-56,2024/04/26 07:53:58+00,Longitude: 76.837303,Latitude: 8.607620,Altitude: 95.472 ft,Speed: 26.5 mph,Heading: 312.5,Time: 2024-04-26T07:53:58Z
76.837222,8.607693,-57,2024/04/26 07:53:59+00,Longitude: 76.837222,Latitude: 8.607693,Altitude: 96.129 ft,Speed: 26.6 mph,Heading: 312.2,Time: 2024-04-26T07:53:59Z
76.837136,8.607764,-58,2024/04/26 07:54:00+00,Longitude: 76.837136,Latitude: 8.607764,Altitude: 96.129 ft,Speed: 26.2 mph,Heading: 309.6,Time: 2024-04-26T07:54:00Z
76.837051,8.607834,-59,2024/04/26 07:54:01+00,Longitude: 76.837051,Latitude: 8.607834,Altitude: 94.160 ft,Speed: 24.2 mph,Heading: 310.2,Time: 2024-04-26T07:54:01Z
76.836979,8.607906,-60,2024/04/26 07:54:02+00,Longitude: 76.836979,Latitude: 8.607906,Altitude: 95.472 ft,Speed: 22.6 mph,Heading: 315.3,Time: 2024-04-26T07:54:02Z
76.836912,8.60797,-61,2024/04/26 07:54:03+00,Longitude: 76.836912,Latitude: 8.607970,Altitude: 97.769 ft,Speed: 24.3 mph,Heading: 314.0,Time: 2024-04-26T07:54:03Z
76.836842,8.60804,-62,2024/04/26 07:54:04+00,Longitude: 76.836842,Latitude: 8.608040,Altitude: 99.738 ft,Speed: 22.8 mph,Heading: 315.2,Time: 2024-04-26T07:54:04Z
76.836785,8.608115,-63,2024/04/26 07:54:05+00,Longitude: 76.836785,Latitude: 8.608115,Altitude: 100.722 ft,Speed: 24.5 mph,Heading: 323.1,Time: 2024-04-26T07:54:05Z
76.836712,8.608186,-64,2024/04/26 07:54:06+00,Longitude: 76.836712,Latitude: 8.608186,Altitude: 100.394 ft,Speed: 24.5 mph,Heading: 314.7,Time: 2024-04-26T07:54:06Z
76.836631,8.608251,-65,2024/04/26 07:54:07+00,Longitude: 76.836631,Latitude: 8.608251,Altitude: 99.081 ft,Speed: 23.8 mph,Heading: 309.2,Time: 2024-04-26T07:54:07Z
76.836555,8.608316,-66,2024/04/26 07:54:08+00,Longitude: 76.836555,Latitude: 8.608316,Altitude: 98.425 ft,Speed: 23.2 mph,Heading: 310.7,Time: 2024-04-26T07:54:08Z
76.836485,8.608384,-67,2024/04/26 07:54:09+00,Longitude: 76.836485,Latitude: 8.608384,Altitude: 96.785 ft,Speed: 23.4 mph,Heading: 314.4,Time: 2024-04-26T07:54:09Z
76.836412,8.60845,-68,2024/04/26 07:54:10+00,Longitude: 76.836412,Latitude: 8.608450,Altitude: 95.144 ft,Speed: 23.4 mph,Heading: 312.3,Time: 2024-04-26T07:54:10Z
76.83634,8.608515,-69,2024/04/26 07:54:11+00,Longitude: 76.836340,Latitude: 8.608515,Altitude: 95.144 ft,Speed: 23.2 mph,Heading: 312.5,Time: 2024-04-26T07:54:11Z
76.836269,8.60858,-70,2024/04/26 07:54:12+00,Longitude: 76.836269,Latitude: 8.608580,Altitude: 96.457 ft,Speed: 22.7 mph,Heading: 312.7,Time: 2024-04-26T07:54:12Z
76.836196,8.608643,-71,2024/04/26 07:54:13+00,Longitude: 76.836196,Latitude: 8.608643,Altitude: 95.801 ft,Speed: 22.9 mph,Heading: 311.5,Time: 2024-04-26T07:54:13Z
76.836118,8.608702,-72,2024/04/26 07:54:14+00,Longitude: 76.836118,Latitude: 8.608702,Altitude: 93.504 ft,Speed: 22.6 mph,Heading: 307.2,Time: 2024-04-26T07:54:14Z
76.83604,8.608757,-73,2024/04/26 07:54:15+00,Longitude: 76.836040,Latitude: 8.608757,Altitude: 91.864 ft,Speed: 20.8 mph,Heading: 305.2,Time: 2024-04-26T07:54:15Z
76.83597,8.608811,-74,2024/04/26 07:54:16+00,Longitude: 76.835970,Latitude: 8.608811,Altitude: 92.192 ft,Speed: 18.2 mph,Heading: 308.7,Time: 2024-04-26T07:54:16Z
76.835915,8.608865,-75,2024/04/26 07:54:17+00,Longitude: 76.835915,Latitude: 8.608865,Altitude: 94.488 ft,Speed: 17.7 mph,Heading: 314.1,Time: 2024-04-26T07:54:17Z
76.835858,8.608913,-76,2024/04/26 07:54:18+00,Longitude: 76.835858,Latitude: 8.608913,Altitude: 97.769 ft,Speed: 19.0 mph,Heading: 310.9,Time: 2024-04-26T07:54:18Z
76.835796,8.608965,-77,2024/04/26 07:54:19+00,Longitude: 76.835796,Latitude: 8.608965,Altitude: 97.769 ft,Speed: 19.5 mph,Heading: 310.2,Time: 2024-04-26T07:54:19Z
76.835731,8.609018,-78,2024/04/26 07:54:20+00,Longitude: 76.835731,Latitude: 8.609018,Altitude: 97.113 ft,Speed: 19.3 mph,Heading: 309.3,Time: 2024-04-26T07:54:20Z
76.835666,8.609067,-79,2024/04/26 07:54:21+00,Longitude: 76.835666,Latitude: 8.609067,Altitude: 97.769 ft,Speed: 18.9 mph,Heading: 307.2,Time: 2024-04-26T07:54:21Z
76.835602,8.609117,-80,2024/04/26 07:54:22+00,Longitude: 76.835602,Latitude: 8.609117,Altitude: 98.097 ft,Speed: 18.8 mph,Heading: 308.6,Time: 2024-04-26T07:54:22Z
76.83554,8.609169,-81,2024/04/26 07:54:23+00,Longitude: 76.835540,Latitude: 8.609169,Altitude: 97.113 ft,Speed: 18.1 mph,Heading: 310.2,Time: 2024-04-26T07:54:23Z
76.835479,8.60922,-82,2024/04/26 07:54:24+00,Longitude: 76.835479,Latitude: 8.609220,Altitude: 96.457 ft,Speed: 18.2 mph,Heading: 310.3,Time: 2024-04-26T07:54:24Z
76.835417,8.609269,-83,2024/04/26 07:54:25+00,Longitude: 76.835417,Latitude: 8.609269,Altitude: 94.816 ft,Speed: 18.5 mph,Heading: 308.4,Time: 2024-04-26T07:54:25Z
76.835354,8.609318,-84,2024/04/26 07:54:26+00,Longitude: 76.835354,Latitude: 8.609318,Altitude: 92.848 ft,Speed: 18.1 mph,Heading: 308.1,Time: 2024-04-26T07:54:26Z
76.835292,8.609365,-85,2024/04/26 07:54:27+00,Longitude: 76.835292,Latitude: 8.609365,Altitude: 90.223 ft,Speed: 18.1 mph,Heading: 307.6,Time: 2024-04-26T07:54:27Z
76.835233,8.609412,-86,2024/04/26 07:54:28+00,Longitude: 76.835233,Latitude: 8.609412,Altitude: 89.239 ft,Speed: 18.1 mph,Heading: 309.0,Time: 2024-04-26T07:54:28Z
76.835174,8.609461,-87,2024/04/26 07:54:29+00,Longitude: 76.835174,Latitude: 8.609461,Altitude: 87.927 ft,Speed: 18.3 mph,Heading: 310.3,Time: 2024-04-26T07:54:29Z
76.835117,8.60951,-88,2024/04/26 07:54:30+00,Longitude: 76.835117,Latitude: 8.609510,Altitude: 87.270 ft,Speed: 17.1 mph,Heading: 310.5,Time: 2024-04-26T07:54:30Z
76.835062,8.609557,-89,2024/04/26 07:54:31+00,Longitude: 76.835062,Latitude: 8.609557,Altitude: 86.286 ft,Speed: 17.2 mph,Heading: 310.5,Time: 2024-04-26T07:54:31Z
76.835007,8.609602,-90,2024/04/26 07:54:32+00,Longitude: 76.835007,Latitude: 8.609602,Altitude: 86.286 ft,Speed: 17.9 mph,Heading: 310.0,Time: 2024-04-26T07:54:32Z
76.834948,8.609649,-91,2024/04/26 07:54:33+00,Longitude: 76.834948,Latitude: 8.609649,Altitude: 84.646 ft,Speed: 17.3 mph,Heading: 308.6,Time: 2024-04-26T07:54:33Z
76.834899,8.609701,-92,2024/04/26 07:54:34+00,Longitude: 76.834899,Latitude: 8.609701,Altitude: 83.661 ft,Speed: 17.5 mph,Heading: 317.0,Time: 2024-04-26T07:54:34Z
76.834844,8.60975,-93,2024/04/26 07:54:35+00,Longitude: 76.834844,Latitude: 8.609750,Altitude: 82.349 ft,Speed: 14.5 mph,Heading: 312.6,Time: 2024-04-26T07:54:35Z
76.834801,8.609797,-94,2024/04/26 07:54:36+00,Longitude: 76.834801,Latitude: 8.609797,Altitude: 79.396 ft,Speed: 17.0 mph,Heading: 317.6,Time: 2024-04-26T07:54:36Z
76.834748,8.609841,-95,2024/04/26 07:54:37+00,Longitude: 76.834748,Latitude: 8.609841,Altitude: 76.772 ft,Speed: 16.7 mph,Heading: 310.2,Time: 2024-04-26T07:54:37Z
76.834694,8.609887,-96,2024/04/26 07:54:38+00,Longitude: 76.834694,Latitude: 8.609887,Altitude: 76.444 ft,Speed: 17.3 mph,Heading: 310.6,Time: 2024-04-26T07:54:38Z
76.834636,8.609932,-97,2024/04/26 07:54:39+00,Longitude: 76.834636,Latitude: 8.609932,Altitude: 74.803 ft,Speed: 17.0 mph,Heading: 308.1,Time: 2024-04-26T07:54:39Z
76.83458,8.609978,-98,2024/04/26 07:54:40+00,Longitude: 76.834580,Latitude: 8.609978,Altitude: 74.147 ft,Speed: 15.3 mph,Heading: 309.8,Time: 2024-04-26T07:54:40Z
76.834529,8.610021,-99,2024/04/26 07:54:41+00,Longitude: 76.834529,Latitude: 8.610021,Altitude: 73.163 ft,Speed: 17.8 mph,Heading: 310.8,Time: 2024-04-26T07:54:41Z
76.834474,8.61007,-100,2024/04/26 07:54:42+00,Longitude: 76.834474,Latitude: 8.610070,Altitude: 74.147 ft,Speed: 16.7 mph,Heading: 311.6,Time: 2024-04-26T07:54:42Z
76.83442,8.610118,-101,2024/04/26 07:54:43+00,Longitude: 76.834420,Latitude: 8.610118,Altitude: 74.475 ft,Speed: 17.2 mph,Heading: 312.1,Time: 2024-04-26T07:54:43Z
76.834362,8.610163,-102,2024/04/26 07:54:44+00,Longitude: 76.834362,Latitude: 8.610163,Altitude: 73.163 ft,Speed: 16.5 mph,Heading: 307.8,Time: 2024-04-26T07:54:44Z
76.834299,8.610197,-103,2024/04/26 07:54:45+00,Longitude: 76.834299,Latitude: 8.610197,Altitude: 74.803 ft,Speed: 14.4 mph,Heading: 298.8,Time: 2024-04-26T07:54:45Z
76.834246,8.610232,-104,2024/04/26 07:54:46+00,Longitude: 76.834246,Latitude: 8.610232,Altitude: 73.163 ft,Speed: 15.6 mph,Heading: 303.9,Time: 2024-04-26T07:54:46Z
76.834195,8.610274,-105,2024/04/26 07:54:47+00,Longitude: 76.834195,Latitude: 8.610274,Altitude: 72.178 ft,Speed: 16.8 mph,Heading: 310.1,Time: 2024-04-26T07:54:47Z
76.834143,8.610322,-106,2024/04/26 07:54:48+00,Longitude: 76.834143,Latitude: 8.610322,Altitude: 70.866 ft,Speed: 16.2 mph,Heading: 312.6,Time: 2024-04-26T07:54:48Z
76.834094,8.610372,-107,2024/04/26 07:54:49+00,Longitude: 76.834094,Latitude: 8.610372,Altitude: 69.226 ft,Speed: 14.6 mph,Heading: 315.8,Time: 2024-04-26T07:54:49Z
76.834042,8.610408,-108,2024/04/26 07:54:50+00,Longitude: 76.834042,Latitude: 8.610408,Altitude: 67.585 ft,Speed: 16.2 mph,Heading: 305.5,Time: 2024-04-26T07:54:50Z
76.833987,8.610448,-109,2024/04/26 07:54:51+00,Longitude: 76.833987,Latitude: 8.610448,Altitude: 68.570 ft,Speed: 17.4 mph,Heading: 306.3,Time: 2024-04-26T07:54:51Z
76.833928,8.610495,-110,2024/04/26 07:54:52+00,Longitude: 76.833928,Latitude: 8.610495,Altitude: 68.570 ft,Speed: 17.6 mph,Heading: 308.7,Time: 2024-04-26T07:54:52Z
76.833868,8.610541,-111,2024/04/26 07:54:53+00,Longitude: 76.833868,Latitude: 8.610541,Altitude: 69.226 ft,Speed: 16.5 mph,Heading: 307.9,Time: 2024-04-26T07:54:53Z
76.833813,8.610586,-112,2024/04/26 07:54:54+00,Longitude: 76.833813,Latitude: 8.610586,Altitude: 68.898 ft,Speed: 16.9 mph,Heading: 309.5,Time: 2024-04-26T07:54:54Z
76.833757,8.610631,-113,2024/04/26 07:54:55+00,Longitude: 76.833757,Latitude: 8.610631,Altitude: 69.226 ft,Speed: 16.2 mph,Heading: 308.7,Time: 2024-04-26T07:54:55Z
76.833703,8.610675,-114,2024/04/26 07:54:56+00,Longitude: 76.833703,Latitude: 8.610675,Altitude: 69.226 ft,Speed: 14.2 mph,Heading: 309.9,Time: 2024-04-26T07:54:56Z
76.833655,8.610716,-115,2024/04/26 07:54:57+00,Longitude: 76.833655,Latitude: 8.610716,Altitude: 68.241 ft,Speed: 17.2 mph,Heading: 310.7,Time: 2024-04-26T07:54:57Z
76.833599,8.610759,-116,2024/04/26 07:54:58+00,Longitude: 76.833599,Latitude: 8.610759,Altitude: 67.585 ft,Speed: 17.0 mph,Heading: 308.3,Time: 2024-04-26T07:54:58Z
76.833537,8.6108,-117,2024/04/26 07:54:59+00,Longitude: 76.833537,Latitude: 8.610800,Altitude: 65.289 ft,Speed: 17.2 mph,Heading: 303.3,Time: 2024-04-26T07:54:59Z
76.833477,8.610842,-118,2024/04/26 07:55:00+00,Longitude: 76.833477,Latitude: 8.610842,Altitude: 64.304 ft,Speed: 17.2 mph,Heading: 305.3,Time: 2024-04-26T07:55:00Z
76.83342,8.610887,-119,2024/04/26 07:55:01+00,Longitude: 76.833420,Latitude: 8.610887,Altitude: 63.976 ft,Speed: 17.3 mph,Heading: 308.6,Time: 2024-04-26T07:55:01Z
76.83336,8.610931,-120,2024/04/26 07:55:02+00,Longitude: 76.833360,Latitude: 8.610931,Altitude: 62.336 ft,Speed: 17.5 mph,Heading: 306.7,Time: 2024-04-26T07:55:02Z
76.833302,8.610978,-121,2024/04/26 07:55:03+00,Longitude: 76.833302,Latitude: 8.610978,Altitude: 62.008 ft,Speed: 17.1 mph,Heading: 309.4,Time: 2024-04-26T07:55:03Z
76.83325,8.611027,-122,2024/04/26 07:55:04+00,Longitude: 76.833250,Latitude: 8.611027,Altitude: 62.336 ft,Speed: 16.3 mph,Heading: 313.6,Time: 2024-04-26T07:55:04Z
76.833192,8.61107,-123,2024/04/26 07:55:05+00,Longitude: 76.833192,Latitude: 8.611070,Altitude: 64.961 ft,Speed: 16.9 mph,Heading: 307.0,Time: 2024-04-26T07:55:05Z
76.833134,8.611114,-124,2024/04/26 07:55:06+00,Longitude: 76.833134,Latitude: 8.611114,Altitude: 65.289 ft,Speed: 16.0 mph,Heading: 307.1,Time: 2024-04-26T07:55:06Z
76.833078,8.611156,-125,2024/04/26 07:55:07+00,Longitude: 76.833078,Latitude: 8.611156,Altitude: 65.617 ft,Speed: 17.3 mph,Heading: 307.2,Time: 2024-04-26T07:55:07Z
76.833022,8.611205,-126,2024/04/26 07:55:08+00,Longitude: 76.833022,Latitude: 8.611205,Altitude: 68.241 ft,Speed: 17.2 mph,Heading: 311.9,Time: 2024-04-26T07:55:08Z
76.832969,8.611257,-127,2024/04/26 07:55:09+00,Longitude: 76.832969,Latitude: 8.611257,Altitude: 69.554 ft,Speed: 17.4 mph,Heading: 314.8,Time: 2024-04-26T07:55:09Z
76.832915,8.611308,-128,2024/04/26 07:55:10+00,Longitude: 76.832915,Latitude: 8.611308,Altitude: 71.194 ft,Speed: 17.6 mph,Heading: 313.0,Time: 2024-04-26T07:55:10Z
76.832859,8.611357,-129,2024/04/26 07:55:11+00,Longitude: 76.832859,Latitude: 8.611357,Altitude: 71.522 ft,Speed: 16.0 mph,Heading: 311.9,Time: 2024-04-26T07:55:11Z
76.832815,8.611408,-130,2024/04/26 07:55:12+00,Longitude: 76.832815,Latitude: 8.611408,Altitude: 75.131 ft,Speed: 15.1 mph,Heading: 319.7,Time: 2024-04-26T07:55:12Z
76.832769,8.611451,-131,2024/04/26 07:55:13+00,Longitude: 76.832769,Latitude: 8.611451,Altitude: 77.100 ft,Speed: 14.5 mph,Heading: 313.2,Time: 2024-04-26T07:55:13Z
76.832723,8.611493,-132,2024/04/26 07:55:14+00,Longitude: 76.832723,Latitude: 8.611493,Altitude: 78.740 ft,Speed: 12.9 mph,Heading: 312.4,Time: 2024-04-26T07:55:14Z
76.83269,8.611534,-133,2024/04/26 07:55:15+00,Longitude: 76.832690,Latitude: 8.611534,Altitude: 84.646 ft,Speed: 14.4 mph,Heading: 321.8,Time: 2024-04-26T07:55:15Z
76.832644,8.611576,-134,2024/04/26 07:55:16+00,Longitude: 76.832644,Latitude: 8.611576,Altitude: 86.286 ft,Speed: 16.3 mph,Heading: 312.8,Time: 2024-04-26T07:55:16Z
76.832594,8.611623,-135,2024/04/26 07:55:17+00,Longitude: 76.832594,Latitude: 8.611623,Altitude: 86.942 ft,Speed: 18.4 mph,Heading: 313.0,Time: 2024-04-26T07:55:17Z
76.832537,8.611674,-136,2024/04/26 07:55:18+00,Longitude: 76.832537,Latitude: 8.611674,Altitude: 89.239 ft,Speed: 16.6 mph,Heading: 312.6,Time: 2024-04-26T07:55:18Z
76.832485,8.611724,-137,2024/04/26 07:55:19+00,Longitude: 76.832485,Latitude: 8.611724,Altitude: 90.223 ft,Speed: 13.5 mph,Heading: 314.5,Time: 2024-04-26T07:55:19Z
76.832433,8.61176,-138,2024/04/26 07:55:20+00,Longitude: 76.832433,Latitude: 8.611760,Altitude: 89.239 ft,Speed: 10.7 mph,Heading: 304.8,Time: 2024-04-26T07:55:20Z
76.832397,8.611789,-139,2024/04/26 07:55:21+00,Longitude: 76.832397,Latitude: 8.611789,Altitude: 98.425 ft,Speed: 8.2 mph,Heading: 309.3,Time: 2024-04-26T07:55:21Z
76.832374,8.611816,-140,2024/04/26 07:55:22+00,Longitude: 76.832374,Latitude: 8.611816,Altitude: 107.940 ft,Speed: 11.2 mph,Heading: 320.3,Time: 2024-04-26T07:55:22Z
76.83234,8.611849,-141,2024/04/26 07:55:23+00,Longitude: 76.832340,Latitude: 8.611849,Altitude: 114.501 ft,Speed: 13.2 mph,Heading: 314.5,Time: 2024-04-26T07:55:23Z
76.832291,8.611879,-142,2024/04/26 07:55:24+00,Longitude: 76.832291,Latitude: 8.611879,Altitude: 121.719 ft,Speed: 10.1 mph,Heading: 301.6,Time: 2024-04-26T07:55:24Z
76.832252,8.611906,-143,2024/04/26 07:55:25+00,Longitude: 76.832252,Latitude: 8.611906,Altitude: 129.921 ft,Speed: 9.7 mph,Heading: 304.3,Time: 2024-04-26T07:55:25Z
76.832217,8.61193,-144,2024/04/26 07:55:26+00,Longitude: 76.832217,Latitude: 8.611930,Altitude: 142.388 ft,Speed: 8.4 mph,Heading: 304.8,Time: 2024-04-26T07:55:26Z
76.832184,8.611953,-145,2024/04/26 07:55:27+00,Longitude: 76.832184,Latitude: 8.611953,Altitude: 154.199 ft,Speed: 11.6 mph,Heading: 305.5,Time: 2024-04-26T07:55:27Z
76.832136,8.611987,-146,2024/04/26 07:55:28+00,Longitude: 76.832136,Latitude: 8.611987,Altitude: 160.433 ft,Speed: 7.7 mph,Heading: 305.3,Time: 2024-04-26T07:55:28Z
76.832086,8.612006,-147,2024/04/26 07:55:29+00,Longitude: 76.832086,Latitude: 8.612006,Altitude: 166.667 ft,Speed: 13.1 mph,Heading: 291.7,Time: 2024-04-26T07:55:29Z
76.832021,8.612043,-148,2024/04/26 07:55:30+00,Longitude: 76.832021,Latitude: 8.612043,Altitude: 166.010 ft,Speed: 14.6 mph,Heading: 299.6,Time: 2024-04-26T07:55:30Z
76.831949,8.612086,-149,2024/04/26 07:55:31+00,Longitude: 76.831949,Latitude: 8.612086,Altitude: 162.402 ft,Speed: 16.5 mph,Heading: 301.2,Time: 2024-04-26T07:55:31Z
76.831874,8.612126,-150,2024/04/26 07:55:32+00,Longitude: 76.831874,Latitude: 8.612126,Altitude: 159.777 ft,Speed: 16.4 mph,Heading: 298.2,Time: 2024-04-26T07:55:32Z
76.831801,8.612179,-151,2024/04/26 07:55:33+00,Longitude: 76.831801,Latitude: 8.612179,Altitude: 153.543 ft,Speed: 14.2 mph,Heading: 306.7,Time: 2024-04-26T07:55:33Z
76.831742,8.612229,-152,2024/04/26 07:55:34+00,Longitude: 76.831742,Latitude: 8.612229,Altitude: 151.247 ft,Speed: 15.9 mph,Heading: 309.9,Time: 2024-04-26T07:55:34Z
76.83168,8.612283,-153,2024/04/26 07:55:35+00,Longitude: 76.831680,Latitude: 8.612283,Altitude: 148.294 ft,Speed: 15.8 mph,Heading: 311.8,Time: 2024-04-26T07:55:35Z
76.831618,8.612341,-154,2024/04/26 07:55:36+00,Longitude: 76.831618,Latitude: 8.612341,Altitude: 143.373 ft,Speed: 18.1 mph,Heading: 313.4,Time: 2024-04-26T07:55:36Z
76.83155,8.6124,-155,2024/04/26 07:55:37+00,Longitude: 76.831550,Latitude: 8.612400,Altitude: 138.123 ft,Speed: 17.6 mph,Heading: 311.3,Time: 2024-04-26T07:55:37Z
76.831488,8.612459,-156,2024/04/26 07:55:38+00,Longitude: 76.831488,Latitude: 8.612459,Altitude: 134.843 ft,Speed: 15.5 mph,Heading: 314.1,Time: 2024-04-26T07:55:38Z
76.831436,8.612514,-157,2024/04/26 07:55:39+00,Longitude: 76.831436,Latitude: 8.612514,Altitude: 133.202 ft,Speed: 13.3 mph,Heading: 316.7,Time: 2024-04-26T07:55:39Z
76.831388,8.612562,-158,2024/04/26 07:55:40+00,Longitude: 76.831388,Latitude: 8.612562,Altitude: 134.843 ft,Speed: 10.5 mph,Heading: 315.2,Time: 2024-04-26T07:55:40Z
76.831351,8.612595,-159,2024/04/26 07:55:41+00,Longitude: 76.831351,Latitude: 8.612595,Altitude: 142.388 ft,Speed: 9.6 mph,Heading: 312.9,Time: 2024-04-26T07:55:41Z
76.831326,8.612629,-160,2024/04/26 07:55:42+00,Longitude: 76.831326,Latitude: 8.612629,Altitude: 146.325 ft,Speed: 9.2 mph,Heading: 323.4,Time: 2024-04-26T07:55:42Z
76.831305,8.61266,-161,2024/04/26 07:55:43+00,Longitude: 76.831305,Latitude: 8.612660,Altitude: 154.528 ft,Speed: 11.4 mph,Heading: 326.0,Time: 2024-04-26T07:55:43Z
76.83126,8.612708,-162,2024/04/26 07:55:44+00,Longitude: 76.831260,Latitude: 8.612708,Altitude: 154.856 ft,Speed: 11.1 mph,Heading: 317.1,Time: 2024-04-26T07:55:44Z
76.831221,8.612745,-163,2024/04/26 07:55:45+00,Longitude: 76.831221,Latitude: 8.612745,Altitude: 158.136 ft,Speed: 11.9 mph,Heading: 314.3,Time: 2024-04-26T07:55:45Z
76.831175,8.612785,-164,2024/04/26 07:55:46+00,Longitude: 76.831175,Latitude: 8.612785,Altitude: 159.449 ft,Speed: 13.2 mph,Heading: 311.3,Time: 2024-04-26T07:55:46Z
76.831123,8.612836,-165,2024/04/26 07:55:47+00,Longitude: 76.831123,Latitude: 8.612836,Altitude: 157.480 ft,Speed: 13.4 mph,Heading: 314.5,Time: 2024-04-26T07:55:47Z
76.83107,8.612881,-166,2024/04/26 07:55:48+00,Longitude: 76.831070,Latitude: 8.612881,Altitude: 157.152 ft,Speed: 11.7 mph,Heading: 311.0,Time: 2024-04-26T07:55:48Z
76.83103,8.612918,-167,2024/04/26 07:55:49+00,Longitude: 76.831030,Latitude: 8.612918,Altitude: 158.136 ft,Speed: 15.0 mph,Heading: 312.6,Time: 2024-04-26T07:55:49Z
76.830969,8.612979,-168,2024/04/26 07:55:50+00,Longitude: 76.830969,Latitude: 8.612979,Altitude: 154.528 ft,Speed: 16.2 mph,Heading: 315.5,Time: 2024-04-26T07:55:50Z
76.830906,8.613039,-169,2024/04/26 07:55:51+00,Longitude: 76.830906,Latitude: 8.613039,Altitude: 151.575 ft,Speed: 16.6 mph,Heading: 313.9,Time: 2024-04-26T07:55:51Z
76.830841,8.61309,-170,2024/04/26 07:55:52+00,Longitude: 76.830841,Latitude: 8.613090,Altitude: 151.575 ft,Speed: 15.0 mph,Heading: 308.2,Time: 2024-04-26T07:55:52Z
76.830786,8.613135,-171,2024/04/26 07:55:53+00,Longitude: 76.830786,Latitude: 8.613135,Altitude: 154.528 ft,Speed: 14.6 mph,Heading: 309.6,Time: 2024-04-26T07:55:53Z
76.830736,8.613183,-172,2024/04/26 07:55:54+00,Longitude: 76.830736,Latitude: 8.613183,Altitude: 156.824 ft,Speed: 16.7 mph,Heading: 314.2,Time: 2024-04-26T07:55:54Z
76.830677,8.613243,-173,2024/04/26 07:55:55+00,Longitude: 76.830677,Latitude: 8.613243,Altitude: 156.168 ft,Speed: 16.5 mph,Heading: 316.2,Time: 2024-04-26T07:55:55Z
76.830619,8.613301,-174,2024/04/26 07:55:56+00,Longitude: 76.830619,Latitude: 8.613301,Altitude: 153.871 ft,Speed: 14.2 mph,Heading: 314.7,Time: 2024-04-26T07:55:56Z
76.830587,8.613351,-175,2024/04/26 07:55:57+00,Longitude: 76.830587,Latitude: 8.613351,Altitude: 160.105 ft,Speed: 14.3 mph,Heading: 328.8,Time: 2024-04-26T07:55:57Z
76.830542,8.6134,-176,2024/04/26 07:55:58+00,Longitude: 76.830542,Latitude: 8.613400,Altitude: 162.073 ft,Speed: 13.8 mph,Heading: 316.9,Time: 2024-04-26T07:55:58Z
76.830496,8.613442,-177,2024/04/26 07:55:59+00,Longitude: 76.830496,Latitude: 8.613442,Altitude: 166.995 ft,Speed: 14.0 mph,Heading: 313.4,Time: 2024-04-26T07:55:59Z
76.830447,8.613489,-178,2024/04/26 07:56:00+00,Longitude: 76.830447,Latitude: 8.613489,Altitude: 167.651 ft,Speed: 14.4 mph,Heading: 313.7,Time: 2024-04-26T07:56:00Z
76.830398,8.613538,-179,2024/04/26 07:56:01+00,Longitude: 76.830398,Latitude: 8.613538,Altitude: 168.963 ft,Speed: 13.8 mph,Heading: 315.5,Time: 2024-04-26T07:56:01Z
76.830358,8.613588,-180,2024/04/26 07:56:02+00,Longitude: 76.830358,Latitude: 8.613588,Altitude: 171.588 ft,Speed: 13.8 mph,Heading: 321.1,Time: 2024-04-26T07:56:02Z
76.830319,8.613638,-181,2024/04/26 07:56:03+00,Longitude: 76.830319,Latitude: 8.613638,Altitude: 175.197 ft,Speed: 15.1 mph,Heading: 322.8,Time: 2024-04-26T07:56:03Z
76.830269,8.613695,-182,2024/04/26 07:56:04+00,Longitude: 76.830269,Latitude: 8.613695,Altitude: 173.556 ft,Speed: 14.6 mph,Heading: 319.2,Time: 2024-04-26T07:56:04Z
76.83022,8.613744,-183,2024/04/26 07:56:05+00,Longitude: 76.830220,Latitude: 8.613744,Altitude: 176.181 ft,Speed: 13.9 mph,Heading: 315.1,Time: 2024-04-26T07:56:05Z
76.830168,8.613793,-184,2024/04/26 07:56:06+00,Longitude: 76.830168,Latitude: 8.613793,Altitude: 171.916 ft,Speed: 15.2 mph,Heading: 313.6,Time: 2024-04-26T07:56:06Z
76.830115,8.613847,-185,2024/04/26 07:56:07+00,Longitude: 76.830115,Latitude: 8.613847,Altitude: 170.604 ft,Speed: 16.2 mph,Heading: 316.0,Time: 2024-04-26T07:56:07Z
76.830061,8.613906,-186,2024/04/26 07:56:08+00,Longitude: 76.830061,Latitude: 8.613906,Altitude: 168.963 ft,Speed: 16.7 mph,Heading: 318.1,Time: 2024-04-26T07:56:08Z
76.830011,8.613967,-187,2024/04/26 07:56:09+00,Longitude: 76.830011,Latitude: 8.613967,Altitude: 167.979 ft,Speed: 16.2 mph,Heading: 320.6,Time: 2024-04-26T07:56:09Z
76.829959,8.614027,-188,2024/04/26 07:56:10+00,Longitude: 76.829959,Latitude: 8.614027,Altitude: 163.714 ft,Speed: 16.8 mph,Heading: 319.5,Time: 2024-04-26T07:56:10Z
76.829901,8.61409,-189,2024/04/26 07:56:11+00,Longitude: 76.829901,Latitude: 8.614090,Altitude: 159.777 ft,Speed: 15.8 mph,Heading: 317.7,Time: 2024-04-26T07:56:11Z
76.829848,8.61415,-190,2024/04/26 07:56:12+00,Longitude: 76.829848,Latitude: 8.614150,Altitude: 154.856 ft,Speed: 16.4 mph,Heading: 319.2,Time: 2024-04-26T07:56:12Z
76.829788,8.61421,-191,2024/04/26 07:56:13+00,Longitude: 76.829788,Latitude: 8.614210,Altitude: 151.247 ft,Speed: 16.1 mph,Heading: 314.8,Time: 2024-04-26T07:56:13Z
76.829744,8.61427,-192,2024/04/26 07:56:14+00,Longitude: 76.829744,Latitude: 8.614270,Altitude: 147.638 ft,Speed: 16.6 mph,Heading: 323.9,Time: 2024-04-26T07:56:14Z
76.8297,8.614335,-193,2024/04/26 07:56:15+00,Longitude: 76.829700,Latitude: 8.614335,Altitude: 145.013 ft,Speed: 15.7 mph,Heading: 326.5,Time: 2024-04-26T07:56:15Z
76.829659,8.614392,-194,2024/04/26 07:56:16+00,Longitude: 76.829659,Latitude: 8.614392,Altitude: 143.701 ft,Speed: 16.1 mph,Heading: 325.0,Time: 2024-04-26T07:56:16Z
76.829616,8.614454,-195,2024/04/26 07:56:17+00,Longitude: 76.829616,Latitude: 8.614454,Altitude: 142.060 ft,Speed: 15.0 mph,Heading: 324.7,Time: 2024-04-26T07:56:17Z
76.829572,8.614504,-196,2024/04/26 07:56:18+00,Longitude: 76.829572,Latitude: 8.614504,Altitude: 143.045 ft,Speed: 14.3 mph,Heading: 319.4,Time: 2024-04-26T07:56:18Z
76.829531,8.61455,-197,2024/04/26 07:56:19+00,Longitude: 76.829531,Latitude: 8.614550,Altitude: 144.357 ft,Speed: 14.3 mph,Heading: 318.9,Time: 2024-04-26T07:56:19Z
76.829491,8.6146,-198,2024/04/26 07:56:20+00,Longitude: 76.829491,Latitude: 8.614600,Altitude: 145.669 ft,Speed: 13.8 mph,Heading: 320.9,Time: 2024-04-26T07:56:20Z
76.829453,8.614649,-199,2024/04/26 07:56:21+00,Longitude: 76.829453,Latitude: 8.614649,Altitude: 146.982 ft,Speed: 12.2 mph,Heading: 323.1,Time: 2024-04-26T07:56:21Z
76.829414,8.614688,-200,2024/04/26 07:56:22+00,Longitude: 76.829414,Latitude: 8.614688,Altitude: 148.294 ft,Speed: 13.8 mph,Heading: 315.3,Time: 2024-04-26T07:56:22Z
76.829378,8.614736,-201,2024/04/26 07:56:23+00,Longitude: 76.829378,Latitude: 8.614736,Altitude: 151.247 ft,Speed: 15.2 mph,Heading: 323.8,Time: 2024-04-26T07:56:23Z
76.82934,8.61479,-202,2024/04/26 07:56:24+00,Longitude: 76.829340,Latitude: 8.614790,Altitude: 155.184 ft,Speed: 14.9 mph,Heading: 324.8,Time: 2024-04-26T07:56:24Z
76.829292,8.614841,-203,2024/04/26 07:56:25+00,Longitude: 76.829292,Latitude: 8.614841,Altitude: 156.168 ft,Speed: 14.3 mph,Heading: 317.1,Time: 2024-04-26T07:56:25Z
76.82925,8.614886,-204,2024/04/26 07:56:26+00,Longitude: 76.829250,Latitude: 8.614886,Altitude: 159.121 ft,Speed: 15.8 mph,Heading: 317.3,Time: 2024-04-26T07:56:26Z
76.829197,8.614944,-205,2024/04/26 07:56:27+00,Longitude: 76.829197,Latitude: 8.614944,Altitude: 159.777 ft,Speed: 16.5 mph,Heading: 317.6,Time: 2024-04-26T07:56:27Z
76.829143,8.615003,-206,2024/04/26 07:56:28+00,Longitude: 76.829143,Latitude: 8.615003,Altitude: 157.480 ft,Speed: 16.3 mph,Heading: 318.3,Time: 2024-04-26T07:56:28Z
76.829098,8.615058,-207,2024/04/26 07:56:29+00,Longitude: 76.829098,Latitude: 8.615058,Altitude: 158.793 ft,Speed: 15.5 mph,Heading: 320.5,Time: 2024-04-26T07:56:29Z
76.829049,8.61511,-208,2024/04/26 07:56:30+00,Longitude: 76.829049,Latitude: 8.615110,Altitude: 159.449 ft,Speed: 15.6 mph,Heading: 317.2,Time: 2024-04-26T07:56:30Z
76.829001,8.615167,-209,2024/04/26 07:56:31+00,Longitude: 76.829001,Latitude: 8.615167,Altitude: 158.793 ft,Speed: 15.2 mph,Heading: 319.9,Time: 2024-04-26T07:56:31Z
76.828957,8.615227,-210,2024/04/26 07:56:32+00,Longitude: 76.828957,Latitude: 8.615227,Altitude: 156.496 ft,Speed: 13.8 mph,Heading: 324.6,Time: 2024-04-26T07:56:32Z
76.828913,8.615275,-211,2024/04/26 07:56:33+00,Longitude: 76.828913,Latitude: 8.615275,Altitude: 158.465 ft,Speed: 15.2 mph,Heading: 317.4,Time: 2024-04-26T07:56:33Z
76.828856,8.61533,-212,2024/04/26 07:56:34+00,Longitude: 76.828856,Latitude: 8.615330,Altitude: 157.480 ft,Speed: 15.4 mph,Heading: 314.5,Time: 2024-04-26T07:56:34Z
76.828802,8.615388,-213,2024/04/26 07:56:35+00,Longitude: 76.828802,Latitude: 8.615388,Altitude: 153.543 ft,Speed: 15.4 mph,Heading: 317.5,Time: 2024-04-26T07:56:35Z
76.828748,8.615443,-214,2024/04/26 07:56:36+00,Longitude: 76.828748,Latitude: 8.615443,Altitude: 149.934 ft,Speed: 14.9 mph,Heading: 315.9,Time: 2024-04-26T07:56:36Z
76.828703,8.615494,-215,2024/04/26 07:56:37+00,Longitude: 76.828703,Latitude: 8.615494,Altitude: 149.934 ft,Speed: 16.3 mph,Heading: 318.7,Time: 2024-04-26T07:56:37Z
76.828651,8.615556,-216,2024/04/26 07:56:38+00,Longitude: 76.828651,Latitude: 8.615556,Altitude: 148.294 ft,Speed: 14.7 mph,Heading: 320.3,Time: 2024-04-26T07:56:38Z
76.828609,8.61561,-217,2024/04/26 07:56:39+00,Longitude: 76.828609,Latitude: 8.615610,Altitude: 149.934 ft,Speed: 15.5 mph,Heading: 322.6,Time: 2024-04-26T07:56:39Z
76.828569,8.61567,-218,2024/04/26 07:56:40+00,Longitude: 76.828569,Latitude: 8.615670,Altitude: 150.919 ft,Speed: 17.2 mph,Heading: 326.5,Time: 2024-04-26T07:56:40Z
76.828518,8.615737,-219,2024/04/26 07:56:41+00,Longitude: 76.828518,Latitude: 8.615737,Altitude: 150.919 ft,Speed: 16.8 mph,Heading: 322.9,Time: 2024-04-26T07:56:41Z
76.82847,8.615795,-220,2024/04/26 07:56:42+00,Longitude: 76.828470,Latitude: 8.615795,Altitude: 151.247 ft,Speed: 16.6 mph,Heading: 320.9,Time: 2024-04-26T07:56:42Z
76.828424,8.615851,-221,2024/04/26 07:56:43+00,Longitude: 76.828424,Latitude: 8.615851,Altitude: 151.575 ft,Speed: 15.1 mph,Heading: 320.9,Time: 2024-04-26T07:56:43Z
76.828392,8.615903,-222,2024/04/26 07:56:44+00,Longitude: 76.828392,Latitude: 8.615903,Altitude: 151.903 ft,Speed: 16.6 mph,Heading: 328.8,Time: 2024-04-26T07:56:44Z
76.828347,8.615967,-223,2024/04/26 07:56:45+00,Longitude: 76.828347,Latitude: 8.615967,Altitude: 152.559 ft,Speed: 15.8 mph,Heading: 324.9,Time: 2024-04-26T07:56:45Z
76.828309,8.616021,-224,2024/04/26 07:56:46+00,Longitude: 76.828309,Latitude: 8.616021,Altitude: 154.199 ft,Speed: 15.4 mph,Heading: 325.9,Time: 2024-04-26T07:56:46Z
76.828264,8.616079,-225,2024/04/26 07:56:47+00,Longitude: 76.828264,Latitude: 8.616079,Altitude: 151.903 ft,Speed: 15.3 mph,Heading: 322.0,Time: 2024-04-26T07:56:47Z
76.828213,8.616138,-226,2024/04/26 07:56:48+00,Longitude: 76.828213,Latitude: 8.616138,Altitude: 147.310 ft,Speed: 15.8 mph,Heading: 320.0,Time: 2024-04-26T07:56:48Z
76.828162,8.6162,-227,2024/04/26 07:56:49+00,Longitude: 76.828162,Latitude: 8.616200,Altitude: 143.701 ft,Speed: 16.6 mph,Heading: 320.1,Time: 2024-04-26T07:56:49Z
76.828117,8.616267,-228,2024/04/26 07:56:50+00,Longitude: 76.828117,Latitude: 8.616267,Altitude: 142.717 ft,Speed: 17.6 mph,Heading: 326.4,Time: 2024-04-26T07:56:50Z
76.828066,8.616337,-229,2024/04/26 07:56:51+00,Longitude: 76.828066,Latitude: 8.616337,Altitude: 139.436 ft,Speed: 17.8 mph,Heading: 324.6,Time: 2024-04-26T07:56:51Z
76.828018,8.616406,-230,2024/04/26 07:56:52+00,Longitude: 76.828018,Latitude: 8.616406,Altitude: 137.795 ft,Speed: 18.2 mph,Heading: 325.6,Time: 2024-04-26T07:56:52Z
76.827959,8.616479,-231,2024/04/26 07:56:53+00,Longitude: 76.827959,Latitude: 8.616479,Altitude: 134.186 ft,Speed: 17.6 mph,Heading: 321.5,Time: 2024-04-26T07:56:53Z
76.827907,8.616549,-232,2024/04/26 07:56:54+00,Longitude: 76.827907,Latitude: 8.616549,Altitude: 131.890 ft,Speed: 17.3 mph,Heading: 323.3,Time: 2024-04-26T07:56:54Z
76.827854,8.616615,-233,2024/04/26 07:56:55+00,Longitude: 76.827854,Latitude: 8.616615,Altitude: 129.593 ft,Speed: 17.1 mph,Heading: 321.6,Time: 2024-04-26T07:56:55Z
76.8278,8.616678,-234,2024/04/26 07:56:56+00,Longitude: 76.827800,Latitude: 8.616678,Altitude: 127.625 ft,Speed: 16.7 mph,Heading: 319.6,Time: 2024-04-26T07:56:56Z
76.827746,8.61674,-235,2024/04/26 07:56:57+00,Longitude: 76.827746,Latitude: 8.616740,Altitude: 125.000 ft,Speed: 16.5 mph,Heading: 319.5,Time: 2024-04-26T07:56:57Z
76.827687,8.6168,-236,2024/04/26 07:56:58+00,Longitude: 76.827687,Latitude: 8.616800,Altitude: 121.391 ft,Speed: 18.1 mph,Heading: 316.1,Time: 2024-04-26T07:56:58Z
76.827626,8.616871,-237,2024/04/26 07:56:59+00,Longitude: 76.827626,Latitude: 8.616871,Altitude: 117.782 ft,Speed: 17.2 mph,Heading: 319.5,Time: 2024-04-26T07:56:59Z
76.82757,8.616931,-238,2024/04/26 07:57:00+00,Longitude: 76.827570,Latitude: 8.616931,Altitude: 114.501 ft,Speed: 17.3 mph,Heading: 317.3,Time: 2024-04-26T07:57:00Z
76.827521,8.617,-239,2024/04/26 07:57:01+00,Longitude: 76.827521,Latitude: 8.617000,Altitude: 110.236 ft,Speed: 17.5 mph,Heading: 324.8,Time: 2024-04-26T07:57:01Z
76.827466,8.617058,-240,2024/04/26 07:57:02+00,Longitude: 76.827466,Latitude: 8.617058,Altitude: 108.924 ft,Speed: 18.8 mph,Heading: 316.7,Time: 2024-04-26T07:57:02Z
76.827406,8.617124,-241,2024/04/26 07:57:03+00,Longitude: 76.827406,Latitude: 8.617124,Altitude: 106.955 ft,Speed: 18.4 mph,Heading: 318.3,Time: 2024-04-26T07:57:03Z
76.827347,8.617188,-242,2024/04/26 07:57:04+00,Longitude: 76.827347,Latitude: 8.617188,Altitude: 104.003 ft,Speed: 18.8 mph,Heading: 317.4,Time: 2024-04-26T07:57:04Z
76.827293,8.617256,-243,2024/04/26 07:57:05+00,Longitude: 76.827293,Latitude: 8.617256,Altitude: 101.378 ft,Speed: 18.8 mph,Heading: 321.7,Time: 2024-04-26T07:57:05Z
76.827238,8.617322,-244,2024/04/26 07:57:06+00,Longitude: 76.827238,Latitude: 8.617322,Altitude: 100.066 ft,Speed: 18.4 mph,Heading: 320.4,Time: 2024-04-26T07:57:06Z
76.827184,8.617384,-245,2024/04/26 07:57:07+00,Longitude: 76.827184,Latitude: 8.617384,Altitude: 98.753 ft,Speed: 17.7 mph,Heading: 319.5,Time: 2024-04-26T07:57:07Z
76.827136,8.617444,-246,2024/04/26 07:57:08+00,Longitude: 76.827136,Latitude: 8.617444,Altitude: 99.081 ft,Speed: 17.7 mph,Heading: 321.3,Time: 2024-04-26T07:57:08Z
76.827085,8.617506,-247,2024/04/26 07:57:09+00,Longitude: 76.827085,Latitude: 8.617506,Altitude: 97.441 ft,Speed: 17.6 mph,Heading: 321.4,Time: 2024-04-26T07:57:09Z
76.827031,8.617567,-248,2024/04/26 07:57:10+00,Longitude: 76.827031,Latitude: 8.617567,Altitude: 96.457 ft,Speed: 18.3 mph,Heading: 318.7,Time: 2024-04-26T07:57:10Z
76.826977,8.617627,-249,2024/04/26 07:57:11+00,Longitude: 76.826977,Latitude: 8.617627,Altitude: 96.457 ft,Speed: 19.1 mph,Heading: 318.4,Time: 2024-04-26T07:57:11Z
76.826922,8.617694,-250,2024/04/26 07:57:12+00,Longitude: 76.826922,Latitude: 8.617694,Altitude: 94.816 ft,Speed: 19.5 mph,Heading: 321.1,Time: 2024-04-26T07:57:12Z
76.826865,8.617762,-251,2024/04/26 07:57:13+00,Longitude: 76.826865,Latitude: 8.617762,Altitude: 92.520 ft,Speed: 19.0 mph,Heading: 320.5,Time: 2024-04-26T07:57:13Z
76.826815,8.617829,-252,2024/04/26 07:57:14+00,Longitude: 76.826815,Latitude: 8.617829,Altitude: 90.879 ft,Speed: 18.8 mph,Heading: 322.9,Time: 2024-04-26T07:57:14Z
76.82676,8.617894,-253,2024/04/26 07:57:15+00,Longitude: 76.826760,Latitude: 8.617894,Altitude: 87.598 ft,Speed: 18.7 mph,Heading: 320.7,Time: 2024-04-26T07:57:15Z
76.826714,8.617963,-254,2024/04/26 07:57:16+00,Longitude: 76.826714,Latitude: 8.617963,Altitude: 85.958 ft,Speed: 18.6 mph,Heading: 326.4,Time: 2024-04-26T07:57:16Z
76.826661,8.618029,-255,2024/04/26 07:57:17+00,Longitude: 76.826661,Latitude: 8.618029,Altitude: 83.333 ft,Speed: 18.4 mph,Heading: 321.4,Time: 2024-04-26T07:57:17Z
76.826609,8.618093,-256,2024/04/26 07:57:18+00,Longitude: 76.826609,Latitude: 8.618093,Altitude: 81.037 ft,Speed: 18.7 mph,Heading: 321.5,Time: 2024-04-26T07:57:18Z
76.826551,8.618156,-257,2024/04/26 07:57:19+00,Longitude: 76.826551,Latitude: 8.618156,Altitude: 79.396 ft,Speed: 17.7 mph,Heading: 317.3,Time: 2024-04-26T07:57:19Z
76.826498,8.618214,-258,2024/04/26 07:57:20+00,Longitude: 76.826498,Latitude: 8.618214,Altitude: 79.068 ft,Speed: 16.8 mph,Heading: 318.1,Time: 2024-04-26T07:57:20Z
76.826451,8.618271,-259,2024/04/26 07:57:21+00,Longitude: 76.826451,Latitude: 8.618271,Altitude: 76.772 ft,Speed: 18.3 mph,Heading: 320.8,Time: 2024-04-26T07:57:21Z
76.826399,8.618334,-260,2024/04/26 07:57:22+00,Longitude: 76.826399,Latitude: 8.618334,Altitude: 76.444 ft,Speed: 19.1 mph,Heading: 320.6,Time: 2024-04-26T07:57:22Z
76.826341,8.618397,-261,2024/04/26 07:57:23+00,Longitude: 76.826341,Latitude: 8.618397,Altitude: 75.131 ft,Speed: 19.0 mph,Heading: 317.8,Time: 2024-04-26T07:57:23Z
76.826289,8.618461,-262,2024/04/26 07:57:24+00,Longitude: 76.826289,Latitude: 8.618461,Altitude: 73.819 ft,Speed: 18.7 mph,Heading: 321.2,Time: 2024-04-26T07:57:24Z
76.826239,8.618522,-263,2024/04/26 07:57:25+00,Longitude: 76.826239,Latitude: 8.618522,Altitude: 72.835 ft,Speed: 17.8 mph,Heading: 320.7,Time: 2024-04-26T07:57:25Z
76.826189,8.618582,-264,2024/04/26 07:57:26+00,Longitude: 76.826189,Latitude: 8.618582,Altitude: 71.194 ft,Speed: 16.9 mph,Heading: 320.9,Time: 2024-04-26T07:57:26Z
76.826146,8.618637,-265,2024/04/26 07:57:27+00,Longitude: 76.826146,Latitude: 8.618637,Altitude: 71.850 ft,Speed: 18.5 mph,Heading: 322.1,Time: 2024-04-26T07:57:27Z
76.826094,8.618701,-266,2024/04/26 07:57:28+00,Longitude: 76.826094,Latitude: 8.618701,Altitude: 70.866 ft,Speed: 18.0 mph,Heading: 321.7,Time: 2024-04-26T07:57:28Z
76.826048,8.618764,-267,2024/04/26 07:57:29+00,Longitude: 76.826048,Latitude: 8.618764,Altitude: 68.898 ft,Speed: 18.9 mph,Heading: 324.1,Time: 2024-04-26T07:57:29Z
76.825997,8.618828,-268,2024/04/26 07:57:30+00,Longitude: 76.825997,Latitude: 8.618828,Altitude: 69.226 ft,Speed: 18.8 mph,Heading: 321.8,Time: 2024-04-26T07:57:30Z
76.825942,8.618889,-269,2024/04/26 07:57:31+00,Longitude: 76.825942,Latitude: 8.618889,Altitude: 67.913 ft,Speed: 20.1 mph,Heading: 318.0,Time: 2024-04-26T07:57:31Z
76.825878,8.618956,-270,2024/04/26 07:57:32+00,Longitude: 76.825878,Latitude: 8.618956,Altitude: 66.273 ft,Speed: 20.5 mph,Heading: 316.9,Time: 2024-04-26T07:57:32Z
76.825817,8.619024,-271,2024/04/26 07:57:33+00,Longitude: 76.825817,Latitude: 8.619024,Altitude: 65.289 ft,Speed: 21.0 mph,Heading: 317.9,Time: 2024-04-26T07:57:33Z
76.825758,8.619093,-272,2024/04/26 07:57:34+00,Longitude: 76.825758,Latitude: 8.619093,Altitude: 66.273 ft,Speed: 21.0 mph,Heading: 320.0,Time: 2024-04-26T07:57:34Z
76.825699,8.619162,-273,2024/04/26 07:57:35+00,Longitude: 76.825699,Latitude: 8.619162,Altitude: 65.945 ft,Speed: 21.9 mph,Heading: 319.7,Time: 2024-04-26T07:57:35Z
76.825635,8.619233,-274,2024/04/26 07:57:36+00,Longitude: 76.825635,Latitude: 8.619233,Altitude: 66.601 ft,Speed: 22.9 mph,Heading: 318.5,Time: 2024-04-26T07:57:36Z
76.825567,8.619305,-275,2024/04/26 07:57:37+00,Longitude: 76.825567,Latitude: 8.619305,Altitude: 66.273 ft,Speed: 23.4 mph,Heading: 316.8,Time: 2024-04-26T07:57:37Z
76.825497,8.619377,-276,2024/04/26 07:57:38+00,Longitude: 76.825497,Latitude: 8.619377,Altitude: 66.273 ft,Speed: 23.6 mph,Heading: 316.1,Time: 2024-04-26T07:57:38Z
76.825426,8.619448,-277,2024/04/26 07:57:39+00,Longitude: 76.825426,Latitude: 8.619448,Altitude: 65.617 ft,Speed: 24.0 mph,Heading: 315.5,Time: 2024-04-26T07:57:39Z
76.825352,8.61952,-278,2024/04/26 07:57:40+00,Longitude: 76.825352,Latitude: 8.619520,Altitude: 64.961 ft,Speed: 24.0 mph,Heading: 314.2,Time: 2024-04-26T07:57:40Z
76.825276,8.619583,-279,2024/04/26 07:57:41+00,Longitude: 76.825276,Latitude: 8.619583,Altitude: 66.273 ft,Speed: 25.3 mph,Heading: 310.4,Time: 2024-04-26T07:57:41Z
76.825195,8.619659,-280,2024/04/26 07:57:42+00,Longitude: 76.825195,Latitude: 8.619659,Altitude: 65.289 ft,Speed: 25.4 mph,Heading: 313.4,Time: 2024-04-26T07:57:42Z
76.825114,8.619732,-281,2024/04/26 07:57:43+00,Longitude: 76.825114,Latitude: 8.619732,Altitude: 63.648 ft,Speed: 26.0 mph,Heading: 312.2,Time: 2024-04-26T07:57:43Z
76.825025,8.619802,-282,2024/04/26 07:57:44+00,Longitude: 76.825025,Latitude: 8.619802,Altitude: 57.743 ft,Speed: 26.8 mph,Heading: 308.7,Time: 2024-04-26T07:57:44Z
76.824937,8.619877,-283,2024/04/26 07:57:45+00,Longitude: 76.824937,Latitude: 8.619877,Altitude: 57.743 ft,Speed: 26.4 mph,Heading: 310.6,Time: 2024-04-26T07:57:45Z
76.824852,8.619947,-284,2024/04/26 07:57:46+00,Longitude: 76.824852,Latitude: 8.619947,Altitude: 58.071 ft,Speed: 26.4 mph,Heading: 310.0,Time: 2024-04-26T07:57:46Z
76.82476,8.620012,-285,2024/04/26 07:57:47+00,Longitude: 76.824760,Latitude: 8.620012,Altitude: 56.759 ft,Speed: 27.0 mph,Heading: 305.5,Time: 2024-04-26T07:57:47Z
76.824668,8.620081,-286,2024/04/26 07:57:48+00,Longitude: 76.824668,Latitude: 8.620081,Altitude: 56.102 ft,Speed: 27.6 mph,Heading: 307.3,Time: 2024-04-26T07:57:48Z
76.824573,8.620152,-287,2024/04/26 07:57:49+00,Longitude: 76.824573,Latitude: 8.620152,Altitude: 54.462 ft,Speed: 28.1 mph,Heading: 306.9,Time: 2024-04-26T07:57:49Z
76.824475,8.620222,-288,2024/04/26 07:57:50+00,Longitude: 76.824475,Latitude: 8.620222,Altitude: 52.822 ft,Speed: 29.2 mph,Heading: 305.8,Time: 2024-04-26T07:57:50Z
76.824369,8.620291,-289,2024/04/26 07:57:51+00,Longitude: 76.824369,Latitude: 8.620291,Altitude: 52.165 ft,Speed: 29.8 mph,Heading: 303.6,Time: 2024-04-26T07:57:51Z
76.824259,8.620357,-290,2024/04/26 07:57:52+00,Longitude: 76.824259,Latitude: 8.620357,Altitude: 50.853 ft,Speed: 30.3 mph,Heading: 301.2,Time: 2024-04-26T07:57:52Z
76.824148,8.620423,-291,2024/04/26 07:57:53+00,Longitude: 76.824148,Latitude: 8.620423,Altitude: 48.885 ft,Speed: 31.0 mph,Heading: 300.9,Time: 2024-04-26T07:57:53Z
76.824033,8.620487,-292,2024/04/26 07:57:54+00,Longitude: 76.824033,Latitude: 8.620487,Altitude: 46.916 ft,Speed: 31.6 mph,Heading: 299.4,Time: 2024-04-26T07:57:54Z
76.823915,8.620548,-293,2024/04/26 07:57:55+00,Longitude: 76.823915,Latitude: 8.620548,Altitude: 47.572 ft,Speed: 31.9 mph,Heading: 297.5,Time: 2024-04-26T07:57:55Z
76.823797,8.620612,-294,2024/04/26 07:57:56+00,Longitude: 76.823797,Latitude: 8.620612,Altitude: 47.900 ft,Speed: 32.1 mph,Heading: 298.7,Time: 2024-04-26T07:57:56Z
76.823675,8.620673,-295,2024/04/26 07:57:57+00,Longitude: 76.823675,Latitude: 8.620673,Altitude: 46.588 ft,Speed: 32.9 mph,Heading: 296.7,Time: 2024-04-26T07:57:57Z
76.823546,8.62073,-296,2024/04/26 07:57:58+00,Longitude: 76.823546,Latitude: 8.620730,Altitude: 44.619 ft,Speed: 33.3 mph,Heading: 294.4,Time: 2024-04-26T07:57:58Z
76.823419,8.620788,-297,2024/04/26 07:57:59+00,Longitude: 76.823419,Latitude: 8.620788,Altitude: 44.619 ft,Speed: 34.0 mph,Heading: 294.7,Time: 2024-04-26T07:57:59Z
76.823285,8.620842,-298,2024/04/26 07:58:00+00,Longitude: 76.823285,Latitude: 8.620842,Altitude: 42.651 ft,Speed: 34.7 mph,Heading: 292.1,Time: 2024-04-26T07:58:00Z
76.82315,8.620895,-299,2024/04/26 07:58:01+00,Longitude: 76.823150,Latitude: 8.620895,Altitude: 41.995 ft,Speed: 35.4 mph,Heading: 291.7,Time: 2024-04-26T07:58:01Z
76.823011,8.620948,-300,2024/04/26 07:58:02+00,Longitude: 76.823011,Latitude: 8.620948,Altitude: 41.010 ft,Speed: 36.1 mph,Heading: 291.1,Time: 2024-04-26T07:58:02Z
76.822868,8.621,-301,2024/04/26 07:58:03+00,Longitude: 76.822868,Latitude: 8.621000,Altitude: 40.354 ft,Speed: 36.6 mph,Heading: 290.4,Time: 2024-04-26T07:58:03Z
76.822726,8.621055,-302,2024/04/26 07:58:04+00,Longitude: 76.822726,Latitude: 8.621055,Altitude: 40.354 ft,Speed: 37.0 mph,Heading: 291.1,Time: 2024-04-26T07:58:04Z
76.822578,8.621103,-303,2024/04/26 07:58:05+00,Longitude: 76.822578,Latitude: 8.621103,Altitude: 36.745 ft,Speed: 37.7 mph,Heading: 288.3,Time: 2024-04-26T07:58:05Z
76.82243,8.621155,-304,2024/04/26 07:58:06+00,Longitude: 76.822430,Latitude: 8.621155,Altitude: 36.417 ft,Speed: 38.4 mph,Heading: 289.6,Time: 2024-04-26T07:58:06Z
76.822281,8.621209,-305,2024/04/26 07:58:07+00,Longitude: 76.822281,Latitude: 8.621209,Altitude: 36.745 ft,Speed: 38.8 mph,Heading: 290.2,Time: 2024-04-26T07:58:07Z
76.822132,8.621265,-306,2024/04/26 07:58:08+00,Longitude: 76.822132,Latitude: 8.621265,Altitude: 37.730 ft,Speed: 39.4 mph,Heading: 290.6,Time: 2024-04-26T07:58:08Z
76.821979,8.621319,-307,2024/04/26 07:58:09+00,Longitude: 76.821979,Latitude: 8.621319,Altitude: 37.402 ft,Speed: 39.9 mph,Heading: 289.8,Time: 2024-04-26T07:58:09Z
76.821823,8.621372,-308,2024/04/26 07:58:10+00,Longitude: 76.821823,Latitude: 8.621372,Altitude: 37.073 ft,Speed: 40.3 mph,Heading: 289.1,Time: 2024-04-26T07:58:10Z
76.821665,8.621424,-309,2024/04/26 07:58:11+00,Longitude: 76.821665,Latitude: 8.621424,Altitude: 35.105 ft,Speed: 40.4 mph,Heading: 288.3,Time: 2024-04-26T07:58:11Z
76.821508,8.62148,-310,2024/04/26 07:58:12+00,Longitude: 76.821508,Latitude: 8.621480,Altitude: 33.465 ft,Speed: 41.0 mph,Heading: 289.7,Time: 2024-04-26T07:58:12Z
76.821348,8.621534,-311,2024/04/26 07:58:13+00,Longitude: 76.821348,Latitude: 8.621534,Altitude: 33.136 ft,Speed: 41.9 mph,Heading: 289.1,Time: 2024-04-26T07:58:13Z
76.821187,8.621593,-312,2024/04/26 07:58:14+00,Longitude: 76.821187,Latitude: 8.621593,Altitude: 33.136 ft,Speed: 42.2 mph,Heading: 290.0,Time: 2024-04-26T07:58:14Z
76.821024,8.621653,-313,2024/04/26 07:58:15+00,Longitude: 76.821024,Latitude: 8.621653,Altitude: 32.808 ft,Speed: 42.5 mph,Heading: 290.5,Time: 2024-04-26T07:58:15Z
76.820857,8.621706,-314,2024/04/26 07:58:16+00,Longitude: 76.820857,Latitude: 8.621706,Altitude: 30.840 ft,Speed: 43.2 mph,Heading: 288.0,Time: 2024-04-26T07:58:16Z
76.820689,8.621764,-315,2024/04/26 07:58:17+00,Longitude: 76.820689,Latitude: 8.621764,Altitude: 29.528 ft,Speed: 44.0 mph,Heading: 289.0,Time: 2024-04-26T07:58:17Z
76.820518,8.62182,-316,2024/04/26 07:58:18+00,Longitude: 76.820518,Latitude: 8.621820,Altitude: 29.528 ft,Speed: 43.9 mph,Heading: 288.3,Time: 2024-04-26T07:58:18Z
76.820348,8.62188,-317,2024/04/26 07:58:19+00,Longitude: 76.820348,Latitude: 8.621880,Altitude: 29.528 ft,Speed: 44.4 mph,Heading: 289.9,Time: 2024-04-26T07:58:19Z
76.820179,8.621944,-318,2024/04/26 07:58:20+00,Longitude: 76.820179,Latitude: 8.621944,Altitude: 30.840 ft,Speed: 44.9 mph,Heading: 290.9,Time: 2024-04-26T07:58:20Z
76.820005,8.622008,-319,2024/04/26 07:58:21+00,Longitude: 76.820005,Latitude: 8.622008,Altitude: 31.168 ft,Speed: 44.6 mph,Heading: 290.4,Time: 2024-04-26T07:58:21Z
76.819836,8.622074,-320,2024/04/26 07:58:22+00,Longitude: 76.819836,Latitude: 8.622074,Altitude: 31.496 ft,Speed: 45.5 mph,Heading: 291.6,Time: 2024-04-26T07:58:22Z
76.819659,8.622138,-321,2024/04/26 07:58:23+00,Longitude: 76.819659,Latitude: 8.622138,Altitude: 31.496 ft,Speed: 45.5 mph,Heading: 289.9,Time: 2024-04-26T07:58:23Z
76.819483,8.622201,-322,2024/04/26 07:58:24+00,Longitude: 76.819483,Latitude: 8.622201,Altitude: 31.168 ft,Speed: 47.1 mph,Heading: 290.1,Time: 2024-04-26T07:58:24Z
76.819299,8.622267,-323,2024/04/26 07:58:25+00,Longitude: 76.819299,Latitude: 8.622267,Altitude: 32.480 ft,Speed: 47.3 mph,Heading: 289.8,Time: 2024-04-26T07:58:25Z
76.819116,8.622332,-324,2024/04/26 07:58:26+00,Longitude: 76.819116,Latitude: 8.622332,Altitude: 32.152 ft,Speed: 47.4 mph,Heading: 289.9,Time: 2024-04-26T07:58:26Z
76.818934,8.622397,-325,2024/04/26 07:58:27+00,Longitude: 76.818934,Latitude: 8.622397,Altitude: 31.496 ft,Speed: 48.1 mph,Heading: 289.8,Time: 2024-04-26T07:58:27Z
76.818748,8.622464,-326,2024/04/26 07:58:28+00,Longitude: 76.818748,Latitude: 8.622464,Altitude: 31.168 ft,Speed: 48.6 mph,Heading: 290.1,Time: 2024-04-26T07:58:28Z
76.818561,8.622529,-327,2024/04/26 07:58:29+00,Longitude: 76.818561,Latitude: 8.622529,Altitude: 30.184 ft,Speed: 48.8 mph,Heading: 289.3,Time: 2024-04-26T07:58:29Z
76.818372,8.622594,-328,2024/04/26 07:58:30+00,Longitude: 76.818372,Latitude: 8.622594,Altitude: 29.199 ft,Speed: 49.2 mph,Heading: 289.3,Time: 2024-04-26T07:58:30Z
76.818185,8.622668,-329,2024/04/26 07:58:31+00,Longitude: 76.818185,Latitude: 8.622668,Altitude: 30.840 ft,Speed: 49.3 mph,Heading: 291.8,Time: 2024-04-26T07:58:31Z
76.817995,8.622736,-330,2024/04/26 07:58:32+00,Longitude: 76.817995,Latitude: 8.622736,Altitude: 30.512 ft,Speed: 49.8 mph,Heading: 289.9,Time: 2024-04-26T07:58:32Z
76.817803,8.622803,-331,2024/04/26 07:58:33+00,Longitude: 76.817803,Latitude: 8.622803,Altitude: 29.856 ft,Speed: 50.3 mph,Heading: 289.3,Time: 2024-04-26T07:58:33Z
76.817608,8.622869,-332,2024/04/26 07:58:34+00,Longitude: 76.817608,Latitude: 8.622869,Altitude: 29.856 ft,Speed: 50.5 mph,Heading: 289.1,Time: 2024-04-26T07:58:34Z
76.817415,8.622941,-333,2024/04/26 07:58:35+00,Longitude: 76.817415,Latitude: 8.622941,Altitude: 30.840 ft,Speed: 51.0 mph,Heading: 290.5,Time: 2024-04-26T07:58:35Z
76.817222,8.623013,-334,2024/04/26 07:58:36+00,Longitude: 76.817222,Latitude: 8.623013,Altitude: 32.152 ft,Speed: 51.2 mph,Heading: 290.7,Time: 2024-04-26T07:58:36Z
76.817026,8.623084,-335,2024/04/26 07:58:37+00,Longitude: 76.817026,Latitude: 8.623084,Altitude: 32.480 ft,Speed: 51.3 mph,Heading: 290.1,Time: 2024-04-26T07:58:37Z
76.81683,8.623156,-336,2024/04/26 07:58:38+00,Longitude: 76.816830,Latitude: 8.623156,Altitude: 33.465 ft,Speed: 51.4 mph,Heading: 290.5,Time: 2024-04-26T07:58:38Z
76.816631,8.623223,-337,2024/04/26 07:58:39+00,Longitude: 76.816631,Latitude: 8.623223,Altitude: 33.136 ft,Speed: 51.2 mph,Heading: 288.7,Time: 2024-04-26T07:58:39Z
76.816431,8.623284,-338,2024/04/26 07:58:40+00,Longitude: 76.816431,Latitude: 8.623284,Altitude: 31.824 ft,Speed: 51.5 mph,Heading: 287.0,Time: 2024-04-26T07:58:40Z
76.816234,8.623359,-339,2024/04/26 07:58:41+00,Longitude: 76.816234,Latitude: 8.623359,Altitude: 31.824 ft,Speed: 52.0 mph,Heading: 291.1,Time: 2024-04-26T07:58:41Z
76.816034,8.623432,-340,2024/04/26 07:58:42+00,Longitude: 76.816034,Latitude: 8.623432,Altitude: 31.496 ft,Speed: 52.6 mph,Heading: 290.2,Time: 2024-04-26T07:58:42Z
76.815828,8.6235,-341,2024/04/26 07:58:43+00,Longitude: 76.815828,Latitude: 8.623500,Altitude: 31.168 ft,Speed: 52.9 mph,Heading: 288.4,Time: 2024-04-26T07:58:43Z
76.815625,8.623571,-342,2024/04/26 07:58:44+00,Longitude: 76.815625,Latitude: 8.623571,Altitude: 31.824 ft,Speed: 53.4 mph,Heading: 289.7,Time: 2024-04-26T07:58:44Z
76.815419,8.623643,-343,2024/04/26 07:58:45+00,Longitude: 76.815419,Latitude: 8.623643,Altitude: 32.480 ft,Speed: 53.9 mph,Heading: 289.6,Time: 2024-04-26T07:58:45Z
76.815207,8.623707,-344,2024/04/26 07:58:46+00,Longitude: 76.815207,Latitude: 8.623707,Altitude: 32.808 ft,Speed: 53.8 mph,Heading: 286.8,Time: 2024-04-26T07:58:46Z
76.814999,8.623778,-345,2024/04/26 07:58:47+00,Longitude: 76.814999,Latitude: 8.623778,Altitude: 31.824 ft,Speed: 54.3 mph,Heading: 289.0,Time: 2024-04-26T07:58:47Z
76.814785,8.623843,-346,2024/04/26 07:58:48+00,Longitude: 76.814785,Latitude: 8.623843,Altitude: 30.512 ft,Speed: 54.8 mph,Heading: 287.2,Time: 2024-04-26T07:58:48Z
76.814575,8.623916,-347,2024/04/26 07:58:49+00,Longitude: 76.814575,Latitude: 8.623916,Altitude: 31.168 ft,Speed: 54.7 mph,Heading: 289.2,Time: 2024-04-26T07:58:49Z
