lon,lat,track_seg_point_id,ele,time
76.45699733,9.819031167,0,,2024/04/26 10:52:59+00
76.45699733,9.819031167,1,-0.8,2024/04/26 10:53:00+00
76.45697817,9.819152667,2,-1.4,2024/04/26 10:53:01+00
76.456958,9.819274667,3,-1,2024/04/26 10:53:02+00
76.456936,9.819393833,4,-1.7,2024/04/26 10:53:03+00
76.45691117,9.8195145,5,-2,2024/04/26 10:53:04+00
76.45689133,9.819632333,6,-2.6,2024/04/26 10:53:05+00
76.45687083,9.819754,7,-2.3,2024/04/26 10:53:06+00
76.45685167,9.819874833,8,-2.1,2024/04/26 10:53:07+00
76.45682567,9.819993,9,-1.2,2024/04/26 10:53:08+00
76.45680233,9.8201105,10,-1.1,2024/04/26 10:53:09+00
76.45678017,9.82023,11,-0.7,2024/04/26 10:53:10+00
76.456758,9.82035,12,0,2024/04/26 10:53:11+00
76.45673617,9.82047,13,0,2024/04/26 10:53:12+00
76.456713,9.820588833,14,0.6,2024/04/26 10:53:13+00
76.45669167,9.820706833,15,0.5,2024/04/26 10:53:14+00
76.45666717,9.820823333,16,0.6,2024/04/26 10:53:15+00
76.456644,9.820938667,17,0.9,2024/04/26 10:53:16+00
76.456624,9.821052833,18,1.2,2024/04/26 10:53:17+00
76.45660717,9.821164833,19,0.4,2024/04/26 10:53:18+00
76.45658767,9.821275833,20,0.4,2024/04/26 10:53:19+00
76.45657133,9.8213875,21,0.7,2024/04/26 10:53:20+00
76.45655533,9.821498333,22,1.2,2024/04/26 10:53:21+00
76.45654083,9.82161,23,0.8,2024/04/26 10:53:22+00
76.45664183,9.8218415,24,24.9,2024/04/26 10:53:23+00
76.45662883,9.821928333,25,25.2,2024/04/26 10:53:24+00
76.45660733,9.822041667,26,25.4,2024/04/26 10:53:25+00
76.4565845,9.822144333,27,25.2,2024/04/26 10:53:26+00
76.45656367,9.822245833,28,24.9,2024/04/26 10:53:27+00
76.45654767,9.822349,29,25.5,2024/04/26 10:53:28+00
76.45653033,9.8224495,30,26.1,2024/04/26 10:53:29+00
76.4565145,9.822545,31,26.4,2024/04/26 10:53:30+00
76.45649833,9.822637833,32,26.7,2024/04/26 10:53:31+00
76.45647917,9.8227275,33,26.8,2024/04/26 10:53:32+00
76.45646,9.822814333,34,26.7,2024/04/26 10:53:33+00
76.45644383,9.822898667,35,27.1,2024/04/26 10:53:34+00
76.45642767,9.822980333,36,27.5,2024/04/26 10:53:35+00
76.456407,9.823059,37,27.3,2024/04/26 10:53:36+00
76.45638917,9.823135333,38,27,2024/04/26 10:53:37+00
76.45637417,9.823213833,39,27.2,2024/04/26 10:53:38+00
76.45635983,9.823292333,40,27.9,2024/04/26 10:53:39+00
76.45634717,9.823371333,41,28.7,2024/04/26 10:53:40+00
76.4563325,9.823446167,42,28.8,2024/04/26 10:53:41+00
76.45631983,9.823520667,43,29,2024/04/26 10:53:42+00
76.45630467,9.8235915,44,28.9,2024/04/26 10:53:43+00
76.45629233,9.823665333,45,28.9,2024/04/26 10:53:44+00
76.4562815,9.8237395,46,29.2,2024/04/26 10:53:45+00
76.45627217,9.823810833,47,29.3,2024/04/26 10:53:46+00
76.456261,9.823881,48,29.4,2024/04/26 10:53:47+00
76.45625083,9.8239495,49,29.3,2024/04/26 10:53:48+00
76.4562385,9.824021167,50,29.5,2024/04/26 10:53:49+00
76.4562285,9.824090833,51,29.6,2024/04/26 10:53:50+00
76.45621783,9.824160833,52,29.6,2024/04/26 10:53:51+00
76.45620317,9.824232833,53,30,2024/04/26 10:53:52+00
76.45619033,9.824303333,54,30.1,2024/04/26 10:53:53+00
76.4561785,9.824367667,55,30.1,2024/04/26 10:53:54+00
76.45616883,9.824432333,56,30.3,2024/04/26 10:53:55+00
76.45615917,9.824498167,57,31.2,2024/04/26 10:53:56+00
76.45615083,9.824565,58,31.1,2024/04/26 10:53:57+00
76.4561395,9.824631,59,31.3,2024/04/26 10:53:58+00
76.45612983,9.824697667,60,31.4,2024/04/26 10:53:59+00
76.45611917,9.824765667,61,31.7,2024/04/26 10:54:00+00
76.4561075,9.824832167,62,31.2,2024/04/26 10:54:01+00
76.45609517,9.824900833,63,31.3,2024/04/26 10:54:02+00
76.456084,9.8249665,64,31.9,2024/04/26 10:54:03+00
76.4560755,9.82503,65,32.1,2024/04/26 10:54:04+00
76.45606583,9.825092667,66,32.2,2024/04/26 10:54:05+00
76.4560535,9.825155333,67,32.3,2024/04/26 10:54:06+00
76.45604317,9.825217667,68,32.3,2024/04/26 10:54:07+00
76.45603033,9.8252815,69,32.5,2024/04/26 10:54:08+00
76.45601733,9.825343667,70,31.8,2024/04/26 10:54:09+00
76.45600783,9.825403,71,31.7,2024/04/26 10:54:10+00
76.45599717,9.825463,72,31.4,2024/04/26 10:54:11+00
76.455985,9.825520667,73,31,2024/04/26 10:54:12+00
76.45597017,9.825577333,74,30.1,2024/04/26 10:54:13+00
76.45595583,9.8256355,75,29.8,2024/04/26 10:54:14+00
76.45594483,9.8256955,76,29.6,2024/04/26 10:54:15+00
76.45593317,9.825755333,77,30.1,2024/04/26 10:54:16+00
76.4559215,9.825811333,78,30.3,2024/04/26 10:54:17+00
76.45591,9.825872833,79,30.5,2024/04/26 10:54:18+00
76.45590167,9.8259325,80,30.7,2024/04/26 10:54:19+00
76.45588867,9.8259875,81,30.8,2024/04/26 10:54:20+00
76.4558745,9.826043,82,31,2024/04/26 10:54:21+00
76.45586283,9.826098667,83,31,2024/04/26 10:54:22+00
76.455857,9.826152667,84,30.9,2024/04/26 10:54:23+00
76.45584833,9.826207167,85,31,2024/04/26 10:54:24+00
76.45584083,9.826261333,86,30.8,2024/04/26 10:54:25+00
76.45583683,9.826320833,87,31.7,2024/04/26 10:54:26+00
76.455834,9.826377667,88,32.1,2024/04/26 10:54:27+00
76.4558265,9.8264255,89,30.4,2024/04/26 10:54:28+00
76.455837,9.8264785,90,28.5,2024/04/26 10:54:29+00
76.45581633,9.826534333,91,29.6,2024/04/26 10:54:30+00
76.45581517,9.826584167,92,29.4,2024/04/26 10:54:31+00
76.45580117,9.8266335,93,29.7,2024/04/26 10:54:32+00
76.45579667,9.826683667,94,29.9,2024/04/26 10:54:33+00
76.4558115,9.826707,95,29.9,2024/04/26 10:54:34+00
76.45581467,9.826750667,96,29.9,2024/04/26 10:54:35+00
76.4558095,9.826798167,97,30,2024/04/26 10:54:36+00
76.4557995,9.826856667,98,31,2024/04/26 10:54:37+00
76.45577933,9.826918833,99,32.7,2024/04/26 10:54:38+00
76.45576883,9.826972833,100,33.4,2024/04/26 10:54:39+00
76.455757,9.827016833,101,32.3,2024/04/26 10:54:40+00
76.455749,9.82706,102,31.3,2024/04/26 10:54:41+00
76.455739,9.8271055,103,29.8,2024/04/26 10:54:42+00
76.455729,9.827149667,104,29.2,2024/04/26 10:54:43+00
76.455722,9.827190833,105,28.2,2024/04/26 10:54:44+00
76.45571317,9.827232167,106,27,2024/04/26 10:54:45+00
76.45572083,9.827274167,107,26.2,2024/04/26 10:54:46+00
76.4557145,9.827318833,108,26.5,2024/04/26 10:54:47+00
76.45570783,9.8273645,109,27.3,2024/04/26 10:54:48+00
76.4556995,9.827407,110,27.4,2024/04/26 10:54:49+00
76.45569817,9.8274575,111,29.4,2024/04/26 10:54:50+00
76.45568883,9.8274965,112,29.1,2024/04/26 10:54:51+00
76.45568233,9.827539167,113,29.7,2024/04/26 10:54:52+00
76.455672,9.827581167,114,29.6,2024/04/26 10:54:53+00
76.455666,9.827624833,115,30.3,2024/04/26 10:54:54+00
76.45566267,9.827670333,116,31,2024/04/26 10:54:55+00
76.4556535,9.827715,117,31.1,2024/04/26 10:54:56+00
76.455645,9.827759,118,31.4,2024/04/26 10:54:57+00
76.45564067,9.827803167,119,32.1,2024/04/26 10:54:58+00
76.455629,9.827852167,120,32.7,2024/04/26 10:54:59+00
76.4556185,9.827903,121,34.7,2024/04/26 10:55:00+00
76.4556105,9.827945167,122,34.1,2024/04/26 10:55:01+00
76.45560533,9.827991333,123,33.8,2024/04/26 10:55:02+00
76.45559633,9.8280465,124,34.7,2024/04/26 10:55:03+00
76.455583,9.828101833,125,35,2024/04/26 10:55:04+00
76.4555705,9.8281575,126,35,2024/04/26 10:55:05+00
76.4555575,9.828216167,127,35.4,2024/04/26 10:55:06+00
76.45555167,9.828255667,128,35.7,2024/04/26 10:55:07+00
76.45554883,9.828284,129,34.7,2024/04/26 10:55:08+00
76.45552983,9.828286333,130,28.3,2024/04/26 10:55:09+00
76.4555215,9.828294333,131,30.4,2024/04/26 10:55:10+00
76.45552583,9.828292167,132,30.8,2024/04/26 10:55:11+00
76.45558267,9.828277833,133,21.4,2024/04/26 10:55:12+00
76.4556175,9.82826,134,16.3,2024/04/26 10:55:13+00
76.45562083,9.828282167,135,23,2024/04/26 10:55:14+00
76.45562817,9.828316333,136,22.7,2024/04/26 10:55:15+00
76.455627,9.828324,137,29.3,2024/04/26 10:55:16+00
76.45566117,9.8282885,138,28,2024/04/26 10:55:17+00
76.45568967,9.828261333,139,18.9,2024/04/26 10:55:18+00
76.45572683,9.828234167,140,13.8,2024/04/26 10:55:19+00
76.455737,9.828389167,141,36.7,2024/04/26 10:55:20+00
76.4556955,9.8285065,142,39.2,2024/04/26 10:55:21+00
76.45556483,9.828824,143,46.2,2024/04/26 10:55:22+00
76.4554985,9.8290375,144,43.9,2024/04/26 10:55:23+00
76.455402,9.829248333,145,52.4,2024/04/26 10:55:24+00
76.45532767,9.829420833,146,59.1,2024/04/26 10:55:25+00
76.45524583,9.8296045,147,61.6,2024/04/26 10:55:26+00
76.4551705,9.829750667,148,58.1,2024/04/26 10:55:27+00
76.45511817,9.829882667,149,60,2024/04/26 10:55:28+00
76.45505483,9.829994833,150,57.2,2024/04/26 10:55:29+00
76.45498417,9.830103667,151,54.5,2024/04/26 10:55:30+00
76.45490417,9.830222333,152,55.4,2024/04/26 10:55:31+00
76.45483283,9.8303175,153,54.1,2024/04/26 10:55:32+00
76.4547625,9.830407167,154,54.2,2024/04/26 10:55:33+00
76.454692,9.830498333,155,52,2024/04/26 10:55:34+00
76.45461467,9.8305885,156,50.3,2024/04/26 10:55:35+00
76.45453083,9.830685667,157,49.5,2024/04/26 10:55:36+00
76.45444833,9.830775833,158,48.8,2024/04/26 10:55:37+00
76.45436017,9.830868667,159,47.8,2024/04/26 10:55:38+00
76.454271,9.8309625,160,46.3,2024/04/26 10:55:39+00
76.45415683,9.831049167,161,46.6,2024/04/26 10:55:40+00
76.45407767,9.831131167,162,43.6,2024/04/26 10:55:41+00
76.453978,9.831201,163,40.6,2024/04/26 10:55:42+00
76.45388267,9.831273833,164,38.5,2024/04/26 10:55:43+00
76.45378833,9.831345333,165,36.5,2024/04/26 10:55:44+00
76.45368383,9.8314275,166,35.4,2024/04/26 10:55:45+00
76.45356917,9.831526833,167,35.2,2024/04/26 10:55:46+00
76.45346033,9.831612833,168,34.2,2024/04/26 10:55:47+00
76.45334433,9.831704667,169,33.3,2024/04/26 10:55:48+00
76.453225,9.831802167,170,32.2,2024/04/26 10:55:49+00
76.45306433,9.831936167,171,36.8,2024/04/26 10:55:50+00
76.45293517,9.832058333,172,37.8,2024/04/26 10:55:51+00
76.45280283,9.832178167,173,38.6,2024/04/26 10:55:52+00
76.452678,9.832281,174,38.5,2024/04/26 10:55:53+00
76.45255317,9.8323885,175,38.9,2024/04/26 10:55:54+00
76.45242617,9.832494167,176,39.1,2024/04/26 10:55:55+00
76.45229733,9.832600333,177,39.5,2024/04/26 10:55:56+00
76.4521695,9.832706,178,39.3,2024/04/26 10:55:57+00
76.452039,9.832815833,179,39.3,2024/04/26 10:55:58+00
76.45191017,9.832922,180,38.5,2024/04/26 10:55:59+00
76.45178233,9.833029833,181,39.8,2024/04/26 10:56:00+00
76.45165433,9.8331385,182,38.9,2024/04/26 10:56:01+00
76.451522,9.833252167,183,36.6,2024/04/26 10:56:02+00
76.45138767,9.833367333,184,34.8,2024/04/26 10:56:03+00
76.451249,9.833483667,185,33.9,2024/04/26 10:56:04+00
76.45111433,9.833600833,186,33.9,2024/04/26 10:56:05+00
76.45097867,9.833720167,187,33.2,2024/04/26 10:56:06+00
76.45084467,9.833839333,188,32,2024/04/26 10:56:07+00
76.4507095,9.833959667,189,31,2024/04/26 10:56:08+00
76.45057383,9.8340825,190,30.6,2024/04/26 10:56:09+00
76.450438,9.834205667,191,30.3,2024/04/26 10:56:10+00
76.45030317,9.834329833,192,29.1,2024/04/26 10:56:11+00
76.45016567,9.834456167,193,28.4,2024/04/26 10:56:12+00
76.45003183,9.8345745,194,27,2024/04/26 10:56:13+00
76.44989017,9.8347005,195,27.5,2024/04/26 10:56:14+00
76.44977717,9.834847,196,26.9,2024/04/26 10:56:15+00
76.44963117,9.834984,197,27,2024/04/26 10:56:16+00
76.449481,9.835117167,198,27.3,2024/04/26 10:56:17+00
76.44932917,9.835254333,199,27.5,2024/04/26 10:56:18+00
76.449178,9.835388167,200,27.5,2024/04/26 10:56:19+00
76.4490225,9.835521333,201,27.3,2024/04/26 10:56:20+00
76.4488685,9.835652333,202,27.3,2024/04/26 10:56:21+00
76.448712,9.835781,203,26.4,2024/04/26 10:56:22+00
76.448553,9.835913667,204,26.4,2024/04/26 10:56:23+00
76.44838567,9.836053333,205,25.4,2024/04/26 10:56:24+00
76.44821533,9.836196333,206,24,2024/04/26 10:56:25+00
76.44804067,9.836343333,207,23.1,2024/04/26 10:56:26+00
76.447916,9.836430667,208,22.5,2024/04/26 10:56:27+00
76.44776433,9.8365425,209,24,2024/04/26 10:56:28+00
76.4476275,9.836657167,210,23.9,2024/04/26 10:56:29+00
76.44753967,9.836697833,211,21.4,2024/04/26 10:56:30+00
76.44741467,9.836778,212,17.9,2024/04/26 10:56:31+00
76.44727217,9.836899333,213,16.6,2024/04/26 10:56:32+00
76.44712683,9.837042167,214,14.5,2024/04/26 10:56:33+00
76.44695867,9.837187833,215,16.5,2024/04/26 10:56:34+00
76.44677433,9.837360333,216,18,2024/04/26 10:56:35+00
76.44660183,9.837517167,217,18.3,2024/04/26 10:56:36+00
76.4464225,9.837697333,218,20,2024/04/26 10:56:37+00
76.44626117,9.837843667,219,18.4,2024/04/26 10:56:38+00
76.44610333,9.8379915,220,17.8,2024/04/26 10:56:39+00
76.4459635,9.838172667,221,21.5,2024/04/26 10:56:40+00
76.44581117,9.8383405,222,22.2,2024/04/26 10:56:41+00
76.44566733,9.838508667,223,22.8,2024/04/26 10:56:42+00
76.4455195,9.838696,224,23.5,2024/04/26 10:56:43+00
76.44536883,9.838883167,225,25.5,2024/04/26 10:56:44+00
76.4452475,9.839069,226,25.9,2024/04/26 10:56:45+00
76.44513967,9.839245667,227,24.7,2024/04/26 10:56:46+00
76.44504033,9.839421333,228,23.5,2024/04/26 10:56:47+00
76.44494767,9.839604,229,23,2024/04/26 10:56:48+00
76.44485267,9.8397895,230,21.3,2024/04/26 10:56:49+00
76.44477633,9.839972667,231,20.2,2024/04/26 10:56:50+00
76.44471633,9.840161667,232,19,2024/04/26 10:56:51+00
76.44464833,9.840347667,233,19.3,2024/04/26 10:56:52+00
76.44458533,9.840543167,234,19.7,2024/04/26 10:56:53+00
76.44451683,9.840734,235,19.9,2024/04/26 10:56:54+00
76.44444467,9.840927167,236,20,2024/04/26 10:56:55+00
76.44436767,9.841123833,237,20.3,2024/04/26 10:56:56+00
76.4442875,9.841318167,238,19.7,2024/04/26 10:56:57+00
76.44420183,9.841508667,239,18.3,2024/04/26 10:56:58+00
76.44412167,9.841702667,240,18.2,2024/04/26 10:56:59+00
76.44403983,9.8418995,241,18.2,2024/04/26 10:57:00+00
76.44395933,9.842102667,242,17.9,2024/04/26 10:57:01+00
76.44387667,9.842304,243,18.8,2024/04/26 10:57:02+00
76.443782,9.842499667,244,19.2,2024/04/26 10:57:03+00
76.44366117,9.842703333,245,21.8,2024/04/26 10:57:04+00
76.4435395,9.842894833,246,22.7,2024/04/26 10:57:05+00
76.44340583,9.843080333,247,23.6,2024/04/26 10:57:06+00
76.443274,9.843258833,248,23.9,2024/04/26 10:57:07+00
76.44314017,9.843433667,249,25.5,2024/04/26 10:57:08+00
76.44299833,9.843596,250,24.9,2024/04/26 10:57:09+00
76.4428475,9.8437555,251,25,2024/04/26 10:57:10+00
76.44268833,9.843905,252,24.5,2024/04/26 10:57:11+00
76.44252533,9.844055,253,24.9,2024/04/26 10:57:12+00
76.44235317,9.844198167,254,25.2,2024/04/26 10:57:13+00
76.44217367,9.844328333,255,25.2,2024/04/26 10:57:14+00
76.44198833,9.844454333,256,25.2,2024/04/26 10:57:15+00
76.44179767,9.844578167,257,25.8,2024/04/26 10:57:16+00
76.44160867,9.844690833,258,26.4,2024/04/26 10:57:17+00
76.44141533,9.844797833,259,26.9,2024/04/26 10:57:18+00
76.44121767,9.844899333,260,26.6,2024/04/26 10:57:19+00
76.44102133,9.845002667,261,27.1,2024/04/26 10:57:20+00
76.44082533,9.845102667,262,27.2,2024/04/26 10:57:21+00
76.44062633,9.845200167,263,26.6,2024/04/26 10:57:22+00
76.4404295,9.845301833,264,27.1,2024/04/26 10:57:23+00
76.44023383,9.845403167,265,27.6,2024/04/26 10:57:24+00
76.44003817,9.845503167,266,27.9,2024/04/26 10:57:25+00
76.439843,9.8456035,267,28.4,2024/04/26 10:57:26+00
76.43964733,9.845703167,268,28.6,2024/04/26 10:57:27+00
76.4394525,9.845802333,269,28.8,2024/04/26 10:57:28+00
76.43925767,9.845900167,270,28.8,2024/04/26 10:57:29+00
76.43906483,9.8459985,271,29.2,2024/04/26 10:57:30+00
76.43887267,9.846096167,272,29.5,2024/04/26 10:57:31+00
76.43868067,9.8461925,273,29.8,2024/04/26 10:57:32+00
76.4384885,9.846287667,274,29.6,2024/04/26 10:57:33+00
76.43830083,9.846383833,275,30.2,2024/04/26 10:57:34+00
76.438112,9.8464805,276,30.8,2024/04/26 10:57:35+00
76.437922,9.846578667,277,31.4,2024/04/26 10:57:36+00
76.43773367,9.846679167,278,31.8,2024/04/26 10:57:37+00
76.43754967,9.846775333,279,32.1,2024/04/26 10:57:38+00
76.4373645,9.846870833,280,32.5,2024/04/26 10:57:39+00
76.43717817,9.846963333,281,32.9,2024/04/26 10:57:40+00
76.4369895,9.847061,282,33.6,2024/04/26 10:57:41+00
76.43680417,9.847155167,283,34.1,2024/04/26 10:57:42+00
76.4366195,9.847248667,284,34.6,2024/04/26 10:57:43+00
76.43643617,9.8473425,285,35.1,2024/04/26 10:57:44+00
76.43625433,9.847438833,286,36.1,2024/04/26 10:57:45+00
76.43606883,9.847530833,287,36.2,2024/04/26 10:57:46+00
76.4358855,9.847626167,288,36.4,2024/04/26 10:57:47+00
76.435701,9.847719333,289,36.7,2024/04/26 10:57:48+00
76.43551633,9.847811167,290,36.7,2024/04/26 10:57:49+00
76.43532917,9.847908,291,37.1,2024/04/26 10:57:50+00
76.43514483,9.848001667,292,37,2024/04/26 10:57:51+00
76.43495983,9.848098167,293,37.5,2024/04/26 10:57:52+00
76.43477167,9.848192,294,37.1,2024/04/26 10:57:53+00
76.4345855,9.848288167,295,37.1,2024/04/26 10:57:54+00
76.43439867,9.848385333,296,37.1,2024/04/26 10:57:55+00
76.434211,9.848480167,297,37.1,2024/04/26 10:57:56+00
76.4340285,9.848577167,298,37.5,2024/04/26 10:57:57+00
76.433843,9.84868,299,38.1,2024/04/26 10:57:58+00
76.4336515,9.848776833,300,38.1,2024/04/26 10:57:59+00
76.43345867,9.848871,301,37.3,2024/04/26 10:58:00+00
76.433266,9.848970333,302,37.1,2024/04/26 10:58:01+00
76.43307433,9.849064,303,36.4,2024/04/26 10:58:02+00
76.432884,9.849161,304,36.2,2024/04/26 10:58:03+00
76.4326895,9.849259667,305,35.6,2024/04/26 10:58:04+00
76.432496,9.849359167,306,35.5,2024/04/26 10:58:05+00
76.4323035,9.849461167,307,35.6,2024/04/26 10:58:06+00
76.43210917,9.849562167,308,35.6,2024/04/26 10:58:07+00
76.43191783,9.849656833,309,35.2,2024/04/26 10:58:08+00
76.43171917,9.849757,310,34.5,2024/04/26 10:58:09+00
76.43152483,9.849852333,311,34,2024/04/26 10:58:10+00
76.43133017,9.849949167,312,33.5,2024/04/26 10:58:11+00
76.431136,9.850045833,313,33.1,2024/04/26 10:58:12+00
76.43094183,9.850142833,314,32.5,2024/04/26 10:58:13+00
76.43074817,9.8502405,315,32,2024/04/26 10:58:14+00
76.4305545,9.850338333,316,31.9,2024/04/26 10:58:15+00
76.43036017,9.850435833,317,31.6,2024/04/26 10:58:16+00
76.43016567,9.8505335,318,31.3,2024/04/26 10:58:17+00
76.4299715,9.850631167,319,31.3,2024/04/26 10:58:18+00
76.42977817,9.850729,320,31.3,2024/04/26 10:58:19+00
76.42958633,9.850825833,321,31.4,2024/04/26 10:58:20+00
76.42939617,9.8509225,322,31.4,2024/04/26 10:58:21+00
76.4292075,9.851015667,323,31.5,2024/04/26 10:58:22+00
76.42901833,9.851110833,324,31.4,2024/04/26 10:58:23+00
76.42883233,9.851201333,325,31.1,2024/04/26 10:58:24+00
76.42864633,9.8512925,326,31,2024/04/26 10:58:25+00
76.42846917,9.851369167,327,30.4,2024/04/26 10:58:26+00
76.42828733,9.851457,328,30.4,2024/04/26 10:58:27+00
76.428103,9.851550667,329,30.7,2024/04/26 10:58:28+00
76.427915,9.851652167,330,31.3,2024/04/26 10:58:29+00
76.42773417,9.851742333,331,31.3,2024/04/26 10:58:30+00
76.42755333,9.8518345,332,31.5,2024/04/26 10:58:31+00
76.42737283,9.851925833,333,31.8,2024/04/26 10:58:32+00
76.42719383,9.8520155,334,32.1,2024/04/26 10:58:33+00
76.42701617,9.852099,335,32.4,2024/04/26 10:58:34+00
76.42683517,9.852183167,336,32.8,2024/04/26 10:58:35+00
76.42665433,9.852257833,337,32.8,2024/04/26 10:58:36+00
76.42647417,9.852326167,338,32.9,2024/04/26 10:58:37+00
76.42629133,9.852392833,339,33.4,2024/04/26 10:58:38+00
76.426108,9.852452833,340,33.9,2024/04/26 10:58:39+00
76.42592133,9.852509,341,34.1,2024/04/26 10:58:37+00
76.42573483,9.852564333,342,34.7,2024/04/26 10:58:38+00
76.425548,9.852619333,343,35.8,2024/04/26 10:58:39+00
76.4253605,9.852668333,344,36.4,2024/04/26 10:58:40+00
76.4251695,9.8527145,345,36.8,2024/04/26 10:58:41+00
76.42498083,9.8527615,346,37.4,2024/04/26 10:58:42+00
76.42478967,9.8528065,347,37.5,2024/04/26 10:58:43+00
76.42459933,9.852849,348,37.7,2024/04/26 10:58:44+00
76.42447883,9.8529595,349,38.9,2024/04/26 10:58:45+00
76.42429267,9.853007167,350,42.2,2024/04/26 10:58:46+00
76.42410367,9.853048833,351,42.5,2024/04/26 10:58:47+00
76.423908,9.853088333,352,42.9,2024/04/26 10:58:48+00
76.42370833,9.853121167,353,42.9,2024/04/26 10:58:49+00
76.42350983,9.8531515,354,41.4,2024/04/26 10:58:50+00
76.4233245,9.853204333,355,43.8,2024/04/26 10:58:51+00
76.42312833,9.853239167,356,42.2,2024/04/26 10:58:52+00
76.42293717,9.853280167,357,41.7,2024/04/26 10:58:53+00
76.42274467,9.85332,358,41.4,2024/04/26 10:58:54+00
76.42255567,9.853362167,359,41.7,2024/04/26 10:58:55+00
76.42235617,9.853393167,360,40.2,2024/04/26 10:58:56+00
76.42216517,9.8534305,361,40.2,2024/04/26 10:58:57+00
76.42197833,9.853465833,362,41.5,2024/04/26 10:58:58+00
76.421791,9.85351,363,42.1,2024/04/26 10:58:59+00
76.42159933,9.853546167,364,42.9,2024/04/26 10:59:00+00
76.42141533,9.853595667,365,43.8,2024/04/26 10:59:01+00
76.42123483,9.8536485,366,44.2,2024/04/26 10:59:02+00
76.42105283,9.853701167,367,44.9,2024/04/26 10:59:03+00
76.42087167,9.8537665,368,44.5,2024/04/26 10:59:04+00
76.42069817,9.853859167,369,44.4,2024/04/26 10:59:05+00
76.420517,9.853961667,370,44.3,2024/04/26 10:59:06+00
76.420317,9.854042333,371,45.2,2024/04/26 10:59:07+00
76.42012667,9.854144333,372,45.4,2024/04/26 10:59:08+00
76.419982,9.8542665,373,46.6,2024/04/26 10:59:09+00
76.41983317,9.8543895,374,46.6,2024/04/26 10:59:10+00
76.41970317,9.854529333,375,45.9,2024/04/26 10:59:11+00
76.41956667,9.854666167,376,45.2,2024/04/26 10:59:12+00
76.41943067,9.8548065,377,45.8,2024/04/26 10:59:13+00
76.419304,9.854924,378,45.7,2024/04/26 10:59:14+00
76.41917917,9.855072,379,45.6,2024/04/26 10:59:15+00
76.41905133,9.855227833,380,46.5,2024/04/26 10:59:16+00
76.41892133,9.855383833,381,46.7,2024/04/26 10:59:17+00
76.41881217,9.8555415,382,47,2024/04/26 10:59:18+00
76.41872467,9.855710333,383,45.5,2024/04/26 10:59:19+00
76.41864517,9.855880333,384,46.2,2024/04/26 10:59:20+00
76.41857483,9.8560545,385,44.3,2024/04/26 10:59:21+00
76.41851117,9.856235333,386,44.8,2024/04/26 10:59:22+00
76.41844383,9.856410833,387,42.3,2024/04/26 10:59:23+00
76.41838767,9.856599667,388,43.3,2024/04/26 10:59:24+00
76.41832817,9.85678,389,42.7,2024/04/26 10:59:25+00
76.41826567,9.8569605,390,41.6,2024/04/26 10:59:26+00
76.41820417,9.8571435,391,41.5,2024/04/26 10:59:27+00
76.4181435,9.857328667,392,41.6,2024/04/26 10:59:28+00
76.41808283,9.857511167,393,41.7,2024/04/26 10:59:29+00
76.41802183,9.857697167,394,42.1,2024/04/26 10:59:30+00
76.41796267,9.857884833,395,43.8,2024/04/26 10:59:31+00
76.4178945,9.8580725,396,44.9,2024/04/26 10:59:32+00
76.417823,9.858255667,397,45.4,2024/04/26 10:59:33+00
76.417745,9.858435333,398,45.5,2024/04/26 10:59:34+00
76.41766067,9.858614833,399,45.5,2024/04/26 10:59:35+00
76.41756967,9.858789833,400,45.4,2024/04/26 10:59:36+00
76.41747517,9.85896,401,45.4,2024/04/26 10:59:37+00
76.41737633,9.859130667,402,45.4,2024/04/26 10:59:38+00
76.41726517,9.859292833,403,45.4,2024/04/26 10:59:39+00
76.41714983,9.859452833,404,45.4,2024/04/26 10:59:40+00
76.41702917,9.859607,405,45.4,2024/04/26 10:59:41+00
76.416908,9.859758167,406,45.4,2024/04/26 10:59:42+00
76.41676967,9.859904,407,45.4,2024/04/26 10:59:43+00
76.41663817,9.860039833,408,45.5,2024/04/26 10:59:44+00
76.41649967,9.860176667,409,45.5,2024/04/26 10:59:45+00
76.416344,9.860302,410,45.5,2024/04/26 10:59:46+00
76.41618533,9.860425167,411,45.5,2024/04/26 10:59:47+00
76.41602933,9.860542667,412,45.5,2024/04/26 10:59:48+00
76.41586383,9.8606515,413,45.3,2024/04/26 10:59:49+00
76.41568767,9.860749333,414,44.6,2024/04/26 10:59:50+00
76.4155105,9.8608425,415,44,2024/04/26 10:59:51+00
76.415339,9.860937833,416,44,2024/04/26 10:59:52+00
76.41515733,9.861019667,417,43.6,2024/04/26 10:59:53+00
76.414973,9.861094333,418,43.1,2024/04/26 10:59:54+00
76.41478933,9.861162333,419,42.5,2024/04/26 10:59:55+00
76.4146075,9.861225167,420,42.2,2024/04/26 10:59:56+00
76.41441983,9.861283667,421,41.7,2024/04/26 10:59:57+00
76.41423167,9.861339333,422,41.3,2024/04/26 10:59:58+00
76.4140455,9.861391,423,41,2024/04/26 10:59:59+00
76.41385917,9.8614425,424,40.8,2024/04/26 11:00:00+00
76.41367067,9.8614915,425,40.4,2024/04/26 11:00:01+00
76.41348383,9.861541,426,40.3,2024/04/26 11:00:02+00
76.41329567,9.861588667,427,39.9,2024/04/26 11:00:03+00
76.41310683,9.861634833,428,39.5,2024/04/26 11:00:04+00
76.41291783,9.861682333,429,39,2024/04/26 11:00:05+00
76.41273383,9.861732,430,39,2024/04/26 11:00:06+00
76.41254817,9.861784167,431,38.8,2024/04/26 11:00:07+00
76.41235833,9.8618325,432,38.4,2024/04/26 11:00:08+00
76.41217067,9.861880833,433,37.9,2024/04/26 11:00:09+00
76.41198367,9.861928833,434,37.6,2024/04/26 11:00:10+00
76.41179667,9.861976667,435,37.1,2024/04/26 11:00:11+00
76.41161083,9.862025667,436,36.9,2024/04/26 11:00:12+00
76.41142567,9.862074,437,36.6,2024/04/26 11:00:13+00
76.41124183,9.862124667,438,36.5,2024/04/26 11:00:14+00
76.411057,9.862174667,439,36.3,2024/04/26 11:00:15+00
76.41087083,9.862222667,440,36,2024/04/26 11:00:16+00
76.410689,9.862273,441,36.1,2024/04/26 11:00:17+00
76.4105015,9.862320833,442,35.9,2024/04/26 11:00:18+00
76.410316,9.862371,443,35.7,2024/04/26 11:00:19+00
76.41013367,9.862425167,444,35.9,2024/04/26 11:00:20+00
76.409948,9.862474667,445,35.6,2024/04/26 11:00:21+00
76.40976517,9.862527167,446,35.7,2024/04/26 11:00:22+00
76.4095795,9.862577667,447,35.5,2024/04/26 11:00:23+00
76.40939583,9.862628667,448,35.7,2024/04/26 11:00:24+00
76.409211,9.8626785,449,35.6,2024/04/26 11:00:25+00
76.40902767,9.862728833,450,35.8,2024/04/26 11:00:26+00
76.408844,9.862778667,451,35.8,2024/04/26 11:00:27+00
76.408662,9.862830333,452,36,2024/04/26 11:00:28+00
76.408479,9.862881,453,36.2,2024/04/26 11:00:29+00
76.40830567,9.8629385,454,37.4,2024/04/26 11:00:30+00
76.40812,9.862987833,455,37.4,2024/04/26 11:00:31+00
76.40793483,9.8630365,456,37.2,2024/04/26 11:00:32+00
76.40774933,9.863085,457,37,2024/04/26 11:00:33+00
76.40756417,9.863134667,458,37,2024/04/26 11:00:34+00
76.40737767,9.863182167,459,36.8,2024/04/26 11:00:35+00
76.40719267,9.863231333,460,36.9,2024/04/26 11:00:36+00
76.40700583,9.8632795,461,36.7,2024/04/26 11:00:37+00
76.4068215,9.863328,462,37,2024/04/26 11:00:38+00
76.40663733,9.8633785,463,37.1,2024/04/26 11:00:39+00
76.406453,9.863431333,464,37.2,2024/04/26 11:00:40+00
76.40627133,9.863489667,465,37.4,2024/04/26 11:00:41+00
76.40608933,9.8635505,466,37.5,2024/04/26 11:00:42+00
76.4059075,9.863613667,467,37.7,2024/04/26 11:00:43+00
76.4057275,9.863680833,468,37.6,2024/04/26 11:00:44+00
76.40554967,9.863752,469,37.7,2024/04/26 11:00:45+00
76.40537283,9.863826,470,37.6,2024/04/26 11:00:46+00
76.40519717,9.863905,471,37.7,2024/04/26 11:00:47+00
76.40502417,9.8639875,472,37.7,2024/04/26 11:00:48+00
76.40485283,9.8640725,473,37.9,2024/04/26 11:00:49+00
76.40468333,9.864165,474,37.6,2024/04/26 11:00:50+00
76.4045145,9.864262,475,37.4,2024/04/26 11:00:51+00
76.40434583,9.864358833,476,37,2024/04/26 11:00:52+00
76.404182,9.864463667,477,36.9,2024/04/26 11:00:53+00
76.40402217,9.864562167,478,36.2,2024/04/26 11:00:54+00
76.403863,9.864671333,479,35.7,2024/04/26 11:00:55+00
76.40371033,9.864780667,480,35.8,2024/04/26 11:00:56+00
76.40356533,9.864872,481,35,2024/04/26 11:00:57+00
76.403421,9.864973667,482,34.6,2024/04/26 11:00:58+00
76.403269,9.865086,483,34.5,2024/04/26 11:00:59+00
76.40311617,9.8652035,484,34.7,2024/04/26 11:01:00+00
76.40297033,9.865308,485,34.5,2024/04/26 11:01:01+00
76.40283467,9.865403833,486,34.5,2024/04/26 11:01:02+00
76.4026735,9.865536333,487,35.3,2024/04/26 11:01:03+00
76.40253917,9.86566,488,36.8,2024/04/26 11:01:04+00
76.40242317,9.865739667,489,37.5,2024/04/26 11:01:05+00
76.40227233,9.865858,490,37.6,2024/04/26 11:01:06+00
76.40212,9.865977167,491,37.6,2024/04/26 11:01:07+00
76.40197867,9.8660835,492,37.6,2024/04/26 11:01:08+00
76.4018515,9.8661865,493,37.6,2024/04/26 11:01:09+00
76.40170283,9.8662995,494,37.2,2024/04/26 11:01:10+00
76.40154867,9.866428833,495,37.1,2024/04/26 11:01:11+00
76.401398,9.866580833,496,37,2024/04/26 11:01:12+00
76.40126733,9.866737833,497,36.9,2024/04/26 11:01:13+00
76.4011335,9.8669,498,37,2024/04/26 11:01:14+00
76.401019,9.867069,499,36.9,2024/04/26 11:01:15+00
76.40090517,9.867231833,500,36.9,2024/04/26 11:01:16+00
76.40079667,9.867397333,501,37,2024/04/26 11:01:17+00
76.400684,9.867573,502,37.1,2024/04/26 11:01:18+00
76.40059483,9.867745167,503,37.3,2024/04/26 11:01:19+00
76.4005285,9.867936167,504,37.4,2024/04/26 11:01:20+00
76.40047083,9.868133,505,37.4,2024/04/26 11:01:21+00
76.4004155,9.868325833,506,37.4,2024/04/26 11:01:22+00
76.400371,9.868520333,507,37.3,2024/04/26 11:01:23+00
76.40033217,9.868713833,508,36.9,2024/04/26 11:01:24+00
76.40029817,9.868907833,509,36.7,2024/04/26 11:01:25+00
76.40027217,9.869101333,510,36.7,2024/04/26 11:01:26+00
76.4002565,9.869290333,511,36.6,2024/04/26 11:01:27+00
76.400247,9.869484167,512,36.7,2024/04/26 11:01:28+00
76.40025467,9.869678833,513,36.8,2024/04/26 11:01:29+00
76.40026417,9.8698735,514,36.8,2024/04/26 11:01:30+00
76.400274,9.870068333,515,36.8,2024/04/26 11:01:31+00
76.40027967,9.870259833,516,36.5,2024/04/26 11:01:32+00
76.40028567,9.870451,517,36.3,2024/04/26 11:01:33+00
76.40029383,9.870647,518,36,2024/04/26 11:01:34+00
76.400305,9.8708405,519,35.8,2024/04/26 11:01:35+00
76.400317,9.871036167,520,36,2024/04/26 11:01:36+00
76.40032733,9.871229167,521,35.6,2024/04/26 11:01:37+00
76.400336,9.871419,522,35.4,2024/04/26 11:01:38+00
76.40034883,9.871613167,523,35.3,2024/04/26 11:01:39+00
76.40035833,9.87181,524,35.4,2024/04/26 11:01:40+00
76.400366,9.872001167,525,35.6,2024/04/26 11:01:41+00
76.40038167,9.872191833,526,35.6,2024/04/26 11:01:42+00
76.4003995,9.872384167,527,35.7,2024/04/26 11:01:43+00
76.40040883,9.872577167,528,35.4,2024/04/26 11:01:44+00
76.40042233,9.872774,529,35.4,2024/04/26 11:01:45+00
76.40043567,9.872971167,530,35.5,2024/04/26 11:01:46+00
76.400447,9.8731665,531,35.4,2024/04/26 11:01:47+00
76.40045783,9.873360667,532,35,2024/04/26 11:01:48+00
76.4004695,9.873558,533,34.9,2024/04/26 11:01:49+00
76.40048117,9.873752333,534,34.7,2024/04/26 11:01:50+00
76.40049433,9.873950333,535,34.8,2024/04/26 11:01:51+00
76.400516,9.874138333,536,34.1,2024/04/26 11:01:52+00
76.40052583,9.874340667,537,33.7,2024/04/26 11:01:53+00
76.40053383,9.874546333,538,33.7,2024/04/26 11:01:54+00
76.40054267,9.874742,539,32.9,2024/04/26 11:01:55+00
76.40054933,9.874946667,540,32.5,2024/04/26 11:01:56+00
76.40055983,9.875156833,541,32.3,2024/04/26 11:01:57+00
76.40056267,9.8753665,542,31.8,2024/04/26 11:01:58+00
76.400568,9.875577833,543,31.4,2024/04/26 11:01:59+00
76.40056833,9.8757905,544,31.2,2024/04/26 11:02:00+00
76.400565,9.876003167,545,30.7,2024/04/26 11:02:01+00
76.40055967,9.8762155,546,30.5,2024/04/26 11:02:02+00
76.4005515,9.8764275,547,30.2,2024/04/26 11:02:03+00
76.400538,9.876640667,548,29.9,2024/04/26 11:02:04+00
76.40052383,9.876851333,549,29.4,2024/04/26 11:02:05+00
76.40050817,9.8770645,550,29.2,2024/04/26 11:02:06+00
76.4004875,9.877277,551,29,2024/04/26 11:02:07+00
76.40046333,9.877486,552,28.3,2024/04/26 11:02:08+00
76.40043767,9.877693167,553,27.6,2024/04/26 11:02:09+00
76.40040883,9.8779015,554,27.1,2024/04/26 11:02:10+00
76.40037717,9.878111667,555,26.3,2024/04/26 11:02:11+00
76.40034467,9.8783215,556,25.9,2024/04/26 11:02:12+00
76.400309,9.878525,557,25.4,2024/04/26 11:02:13+00
76.4002695,9.878730167,558,25,2024/04/26 11:02:14+00
76.4002275,9.8789375,559,24.7,2024/04/26 11:02:15+00
76.40018383,9.879144833,560,24.5,2024/04/26 11:02:16+00
76.40013483,9.879352167,561,24,2024/04/26 11:02:17+00
76.40008233,9.879559833,562,23.6,2024/04/26 11:02:18+00
76.4000245,9.879763167,563,21.7,2024/04/26 11:02:19+00
76.399964,9.879971167,564,21.2,2024/04/26 11:02:20+00
76.39990233,9.880178,565,20.3,2024/04/26 11:02:21+00
76.39983533,9.880386333,566,19.8,2024/04/26 11:02:22+00
76.39976617,9.880595833,567,19.4,2024/04/26 11:02:23+00
76.39969683,9.880807667,568,19.6,2024/04/26 11:02:24+00
76.39962217,9.881017833,569,19.3,2024/04/26 11:02:25+00
76.39954467,9.881228833,570,19,2024/04/26 11:02:26+00
76.399464,9.881438,571,18.6,2024/04/26 11:02:27+00
76.39938317,9.8816505,572,18.9,2024/04/26 11:02:28+00
76.39929833,9.881858833,573,18.8,2024/04/26 11:02:29+00
76.39920917,9.882104333,574,18.2,2024/04/26 11:02:30+00
76.39911617,9.8823405,575,18.1,2024/04/26 11:02:31+00
76.399027,9.882560833,576,17.9,2024/04/26 11:02:32+00
76.39893267,9.882773,577,18,2024/04/26 11:02:33+00
76.398834,9.882972,578,18.2,2024/04/26 11:02:34+00
76.39872583,9.883155333,579,18.3,2024/04/26 11:02:35+00
76.39862067,9.883346833,580,17.5,2024/04/26 11:02:36+00
76.3985145,9.883543333,581,16.3,2024/04/26 11:02:37+00
76.39839783,9.883728833,582,15.3,2024/04/26 11:02:38+00
76.39828317,9.883922833,583,15.1,2024/04/26 11:02:39+00
76.39816617,9.884124167,584,15.1,2024/04/26 11:02:40+00
76.39804433,9.884305833,585,15,2024/04/26 11:02:41+00
76.39791967,9.884490167,586,15.4,2024/04/26 11:02:42+00
76.39779267,9.884680667,587,15.5,2024/04/26 11:02:43+00
76.39765383,9.884853667,588,15.5,2024/04/26 11:02:44+00
76.397524,9.885031167,589,15.9,2024/04/26 11:02:45+00
76.39738083,9.885183667,590,16.6,2024/04/26 11:02:46+00
76.39725433,9.885373333,591,18.7,2024/04/26 11:02:47+00
76.39711533,9.885549833,592,19.2,2024/04/26 11:02:48+00
76.3969765,9.885718667,593,19.4,2024/04/26 11:02:49+00
76.3968385,9.885885333,594,19.4,2024/04/26 11:02:50+00
76.39670183,9.886052667,595,19.5,2024/04/26 11:02:51+00
76.3965645,9.886220333,596,19.9,2024/04/26 11:02:52+00
76.39642683,9.8863885,597,20.2,2024/04/26 11:02:53+00
76.396291,9.8865555,598,20.3,2024/04/26 11:02:54+00
76.3961545,9.886722667,599,20.5,2024/04/26 11:02:55+00
76.39601817,9.8868915,600,20.7,2024/04/26 11:02:56+00
76.39588283,9.887059833,601,21,2024/04/26 11:02:57+00
76.3957475,9.887230167,602,21.3,2024/04/26 11:02:58+00
76.395612,9.887399333,603,21.5,2024/04/26 11:02:59+00
76.39547633,9.8875705,604,22,2024/04/26 11:03:00+00
76.3953415,9.887742,605,22.3,2024/04/26 11:03:01+00
76.39520617,9.887912833,606,22.3,2024/04/26 11:03:02+00
76.395072,9.888085333,607,22.6,2024/04/26 11:03:03+00
76.394937,9.888256667,608,22.5,2024/04/26 11:03:04+00
76.39480283,9.888429,609,22.8,2024/04/26 11:03:05+00
76.39466933,9.888601167,610,23.1,2024/04/26 11:03:06+00
76.394537,9.888773833,611,23.6,2024/04/26 11:03:07+00
76.3944035,9.888946167,612,23.6,2024/04/26 11:03:08+00
76.39427183,9.8891215,613,24.2,2024/04/26 11:03:09+00
76.39414583,9.889299333,614,25.3,2024/04/26 11:03:10+00
76.39401383,9.8894735,615,25.6,2024/04/26 11:03:11+00
76.39388533,9.8896515,616,26.1,2024/04/26 11:03:12+00
76.393756,9.889827833,617,26.6,2024/04/26 11:03:13+00
76.39363017,9.890008167,618,26.7,2024/04/26 11:03:14+00
76.39351317,9.890190167,619,26.8,2024/04/26 11:03:15+00
76.393389,9.890373167,620,26.3,2024/04/26 11:03:16+00
76.3932685,9.890558167,621,25.6,2024/04/26 11:03:17+00
76.39315183,9.890744333,622,25.2,2024/04/26 11:03:18+00
76.39303833,9.8909325,623,24.8,2024/04/26 11:03:19+00
76.392929,9.891122333,624,24.6,2024/04/26 11:03:20+00
76.39282267,9.891316167,625,24.7,2024/04/26 11:03:21+00
76.39271967,9.891512,626,25.1,2024/04/26 11:03:22+00
76.39261667,9.891708333,627,25.2,2024/04/26 11:03:23+00
76.39251767,9.891902667,628,25,2024/04/26 11:03:24+00
76.39242433,9.892101,629,24.9,2024/04/26 11:03:25+00
76.392326,9.892299333,630,25,2024/04/26 11:03:26+00
76.3922305,9.892497333,631,25.1,2024/04/26 11:03:27+00
76.39213167,9.892693833,632,25.1,2024/04/26 11:03:28+00
76.39204883,9.892901167,633,25.2,2024/04/26 11:03:29+00
76.39197667,9.893111667,634,25.4,2024/04/26 11:03:30+00
76.39189833,9.893321,635,25.5,2024/04/26 11:03:31+00
76.3918235,9.8935315,636,25.7,2024/04/26 11:03:32+00
76.39174617,9.893738167,637,25.6,2024/04/26 11:03:33+00
76.39167567,9.8939485,638,25.8,2024/04/26 11:03:34+00
76.39160533,9.894161667,639,25.9,2024/04/26 11:03:35+00
76.391535,9.894374833,640,26,2024/04/26 11:03:36+00
76.39147217,9.894588333,641,26,2024/04/26 11:03:37+00
76.391409,9.894801167,642,26.1,2024/04/26 11:03:38+00
76.391347,9.895015333,643,26.2,2024/04/26 11:03:39+00
76.39128533,9.895228333,644,26.4,2024/04/26 11:03:40+00
76.39122417,9.8954325,645,26.5,2024/04/26 11:03:41+00
76.3911635,9.8956445,646,26.6,2024/04/26 11:03:42+00
76.39110117,9.895856667,647,26.7,2024/04/26 11:03:43+00
76.3910405,9.896068167,648,26.9,2024/04/26 11:03:44+00
76.39097933,9.896280333,649,27,2024/04/26 11:03:45+00
76.3909205,9.896490333,650,27.3,2024/04/26 11:03:46+00
76.3908585,9.896700833,651,27.4,2024/04/26 11:03:47+00
76.39080067,9.896912833,652,27.6,2024/04/26 11:03:48+00
76.3907425,9.897124667,653,27.8,2024/04/26 11:03:49+00
76.39068333,9.897337667,654,28.1,2024/04/26 11:03:50+00
76.39062233,9.897549333,655,28.5,2024/04/26 11:03:51+00
76.390562,9.897758,656,28.6,2024/04/26 11:03:52+00
76.3904995,9.897967667,657,28.7,2024/04/26 11:03:53+00
76.39043967,9.898178167,658,28.9,2024/04/26 11:03:54+00
76.390381,9.898387833,659,29.3,2024/04/26 11:03:55+00
76.39032017,9.898598667,660,29.5,2024/04/26 11:03:56+00
76.39025867,9.898810167,661,29.6,2024/04/26 11:03:57+00
76.39019883,9.899018,662,29.7,2024/04/26 11:03:58+00
76.3901385,9.899226167,663,29.9,2024/04/26 11:03:59+00
76.39008117,9.899435167,664,30.3,2024/04/26 11:04:00+00
76.39002767,9.8996435,665,30.8,2024/04/26 11:04:01+00
76.389974,9.8998525,666,31.3,2024/04/26 11:04:02+00
76.38990833,9.900060167,667,31.1,2024/04/26 11:04:03+00
76.389849,9.900267833,668,31.5,2024/04/26 11:04:04+00
76.38979083,9.900478333,669,31.8,2024/04/26 11:04:05+00
76.38973533,9.9006935,670,32.7,2024/04/26 11:04:06+00
76.389691,9.900907167,671,33.3,2024/04/26 11:04:07+00
76.389646,9.901123333,672,34,2024/04/26 11:04:08+00
76.38960117,9.9013365,673,34.6,2024/04/26 11:04:09+00
76.38956167,9.901552667,674,35.6,2024/04/26 11:04:10+00
76.38950517,9.901764833,675,36.5,2024/04/26 11:04:11+00
76.38945333,9.901979167,676,37.6,2024/04/26 11:04:12+00
76.38939433,9.902187,677,38,2024/04/26 11:04:13+00
76.38936,9.902404833,678,40.3,2024/04/26 11:04:14+00
76.38932133,9.902622167,679,42.1,2024/04/26 11:04:15+00
76.38927383,9.9028355,680,43.2,2024/04/26 11:04:16+00
76.38921783,9.903044333,681,43.7,2024/04/26 11:04:17+00
76.38916167,9.903251333,682,44,2024/04/26 11:04:18+00
76.38910217,9.903459833,683,44.5,2024/04/26 11:04:19+00
76.38903333,9.903665667,684,44.7,2024/04/26 11:04:20+00
76.38896133,9.903869333,685,44.5,2024/04/26 11:04:21+00
76.38889333,9.904072333,686,44.3,2024/04/26 11:04:22+00
76.388826,9.904276667,687,44.1,2024/04/26 11:04:23+00
76.3887565,9.904478333,688,43.7,2024/04/26 11:04:24+00
76.38868433,9.904676667,689,42.8,2024/04/26 11:04:25+00
76.38861867,9.904879667,690,42.6,2024/04/26 11:04:26+00
76.38855133,9.905082,691,42.5,2024/04/26 11:04:27+00
76.38848017,9.905284333,692,42.1,2024/04/26 11:04:28+00
76.38841567,9.90549,693,41.9,2024/04/26 11:04:29+00
76.38834667,9.905693667,694,41.6,2024/04/26 11:04:30+00
76.38828067,9.905896833,695,41.1,2024/04/26 11:04:31+00
76.38821483,9.906101833,696,40.8,2024/04/26 11:04:32+00
76.38815317,9.906307833,697,40.8,2024/04/26 11:04:33+00
76.38809033,9.906512333,698,40.4,2024/04/26 11:04:34+00
76.38803,9.9067195,699,40.7,2024/04/26 11:04:35+00
76.38796817,9.906924167,700,40.5,2024/04/26 11:04:36+00
76.38790417,9.907128167,701,40.1,2024/04/26 11:04:37+00
76.38784517,9.907333667,702,39.9,2024/04/26 11:04:38+00
76.387786,9.907537833,703,39.8,2024/04/26 11:04:39+00
76.38772767,9.907738333,704,39.7,2024/04/26 11:04:40+00
76.38766833,9.907941833,705,39.7,2024/04/26 11:04:41+00
76.387606,9.908142833,706,39.2,2024/04/26 11:04:42+00
76.38754417,9.908345333,707,39,2024/04/26 11:04:43+00
76.38748233,9.908544833,708,38.6,2024/04/26 11:04:44+00
76.3874235,9.908744833,709,38.6,2024/04/26 11:04:45+00
76.38736517,9.9089435,710,38.2,2024/04/26 11:04:46+00
76.38730567,9.9091435,711,38.1,2024/04/26 11:04:47+00
76.38724883,9.9093445,712,38.1,2024/04/26 11:04:48+00
76.38718417,9.909545167,713,38.1,2024/04/26 11:04:49+00
76.38712417,9.909744,714,38.2,2024/04/26 11:04:50+00
76.387066,9.909946833,715,38.4,2024/04/26 11:04:51+00
76.387015,9.910152333,716,38.8,2024/04/26 11:04:52+00
76.38695683,9.910348667,717,38.7,2024/04/26 11:04:53+00
76.38690083,9.910552667,718,39,2024/04/26 11:04:54+00
76.38684233,9.910758833,719,39.1,2024/04/26 11:04:55+00
76.38678433,9.910965167,720,39.1,2024/04/26 11:04:56+00
76.38672533,9.911171167,721,39.2,2024/04/26 11:04:57+00
76.38666833,9.911376,722,39.3,2024/04/26 11:04:58+00
76.38660833,9.9115855,723,39.3,2024/04/26 11:04:59+00
76.38654883,9.911793,724,39.4,2024/04/26 11:05:00+00
76.38648917,9.912001167,725,39.5,2024/04/26 11:05:01+00
76.38642783,9.91221,726,39.6,2024/04/26 11:05:02+00
76.3863575,9.912419833,727,39.7,2024/04/26 11:05:03+00
76.386283,9.912628333,728,39.7,2024/04/26 11:05:04+00
76.38620217,9.912835667,729,39.7,2024/04/26 11:05:05+00
76.3861165,9.9130425,730,39.8,2024/04/26 11:05:06+00
76.38603133,9.91325,731,39.9,2024/04/26 11:05:07+00
76.38594583,9.913456333,732,40,2024/04/26 11:05:08+00
76.38584883,9.913658167,733,40,2024/04/26 11:05:09+00
76.38574183,9.9138555,734,40.2,2024/04/26 11:05:10+00
76.3856285,9.914049167,735,40.3,2024/04/26 11:05:11+00
76.38551583,9.914240667,736,40.4,2024/04/26 11:05:12+00
76.38538667,9.914428833,737,40.5,2024/04/26 11:05:13+00
76.3852515,9.9146125,738,40.6,2024/04/26 11:05:14+00
76.3851135,9.914793167,739,40.6,2024/04/26 11:05:15+00
76.38497017,9.9149705,740,40.7,2024/04/26 11:05:16+00
76.3848215,9.915144333,741,40.8,2024/04/26 11:05:17+00
76.3846685,9.915313167,742,40.8,2024/04/26 11:05:18+00
76.3845105,9.915477833,743,40.8,2024/04/26 11:05:19+00
76.38434783,9.915636333,744,40.8,2024/04/26 11:05:20+00
76.38418467,9.915788833,745,40.7,2024/04/26 11:05:21+00
76.38402067,9.915945,746,40.6,2024/04/26 11:05:22+00
76.3838565,9.916100833,747,40.5,2024/04/26 11:05:23+00
76.38369367,9.916256167,748,40.4,2024/04/26 11:05:24+00
76.38353267,9.916413667,749,40.3,2024/04/26 11:05:25+00
76.383371,9.916571333,750,40.2,2024/04/26 11:05:26+00
76.38321017,9.9167295,751,40.2,2024/04/26 11:05:27+00
76.383049,9.916887,752,40,2024/04/26 11:05:28+00
76.3828885,9.9170445,753,39.9,2024/04/26 11:05:29+00
76.3827275,9.917203167,754,39.8,2024/04/26 11:05:30+00
76.38255917,9.917373167,755,39.9,2024/04/26 11:05:31+00
76.382399,9.9175305,756,39.8,2024/04/26 11:05:32+00
76.38223633,9.917693,757,39.8,2024/04/26 11:05:33+00
76.38208533,9.917837,758,39.2,2024/04/26 11:05:34+00
76.38192817,9.917993833,759,39.1,2024/04/26 11:05:35+00
76.3817705,9.918149,760,39,2024/04/26 11:05:36+00
76.38161433,9.918306167,761,39,2024/04/26 11:05:37+00
76.38146133,9.918460167,762,38.9,2024/04/26 11:05:38+00
76.38130567,9.918615667,763,38.8,2024/04/26 11:05:39+00
76.3811505,9.918769,764,38.5,2024/04/26 11:05:40+00
76.38099533,9.918923167,765,38.3,2024/04/26 11:05:41+00
76.38084167,9.919076833,766,38.2,2024/04/26 11:05:42+00
76.38068217,9.919241667,767,38.3,2024/04/26 11:05:43+00
76.38053167,9.919390833,768,38,2024/04/26 11:05:44+00
76.38037717,9.919545833,769,37.9,2024/04/26 11:05:45+00
76.38022417,9.919697333,770,37.5,2024/04/26 11:05:46+00
76.38007117,9.9198485,771,37.2,2024/04/26 11:05:47+00
76.37991783,9.919999833,772,36.8,2024/04/26 11:05:48+00
76.379765,9.920153,773,36.7,2024/04/26 11:05:49+00
76.37961267,9.9203055,774,36.5,2024/04/26 11:05:50+00
76.37946067,9.920457833,775,36.3,2024/04/26 11:05:51+00
76.37930833,9.920611,776,36.2,2024/04/26 11:05:52+00
76.37915717,9.9207625,777,36.1,2024/04/26 11:05:53+00
76.37900833,9.920907833,778,35.6,2024/04/26 11:05:54+00
76.378859,9.921057833,779,35.6,2024/04/26 11:05:55+00
76.3787265,9.921198,780,36.1,2024/04/26 11:05:56+00
76.378584,9.921339833,781,35.7,2024/04/26 11:05:57+00
76.37844017,9.921484667,782,35.8,2024/04/26 11:05:58+00
76.37829883,9.9216275,783,35.8,2024/04/26 11:05:59+00
76.378156,9.921770833,784,35.8,2024/04/26 11:06:00+00
76.3780155,9.921909167,785,35.7,2024/04/26 11:06:01+00
76.37788117,9.922043,786,35.1,2024/04/26 11:06:02+00
76.3777465,9.922184,787,34.9,2024/04/26 11:06:03+00
76.377617,9.922332333,788,35,2024/04/26 11:06:04+00
76.377486,9.922483,789,35.1,2024/04/26 11:06:05+00
76.37736117,9.922631167,790,35.6,2024/04/26 11:06:06+00
76.37723433,9.922780667,791,35.9,2024/04/26 11:06:07+00
76.37711267,9.922939,792,37.7,2024/04/26 11:06:08+00
76.37698833,9.923088333,793,37.7,2024/04/26 11:06:09+00
76.37686633,9.9232365,794,37.7,2024/04/26 11:06:10+00
76.37674567,9.923387167,795,37.9,2024/04/26 11:06:11+00
76.3766205,9.923535333,796,37.2,2024/04/26 11:06:12+00
76.37651333,9.923703667,797,40.2,2024/04/26 11:06:13+00
76.376427,9.923884833,798,45.8,2024/04/26 11:06:14+00
76.37632933,9.924056,799,49,2024/04/26 11:06:15+00
76.37622983,9.924217167,800,51.8,2024/04/26 11:06:16+00
76.37611683,9.924367167,801,50.9,2024/04/26 11:06:17+00
76.37600967,9.9245345,802,52.8,2024/04/26 11:06:18+00
76.37592317,9.924718333,803,57.4,2024/04/26 11:06:19+00
76.37581983,9.924891167,804,59.6,2024/04/26 11:06:20+00
76.375691,9.9250275,805,54.4,2024/04/26 11:06:21+00
76.375578,9.925178333,806,52.3,2024/04/26 11:06:22+00
76.37547083,9.925336167,807,51.4,2024/04/26 11:06:23+00
76.3753715,9.9255025,808,51.7,2024/04/26 11:06:24+00
76.37526733,9.925661833,809,50.9,2024/04/26 11:06:25+00
76.37517033,9.925824833,810,50.3,2024/04/26 11:06:26+00
76.3750905,9.926011167,811,54.9,2024/04/26 11:06:27+00
76.37498133,9.926168,812,52.7,2024/04/26 11:06:28+00
76.37488333,9.926334,813,52.8,2024/04/26 11:06:29+00
76.374787,9.926502833,814,53,2024/04/26 11:06:30+00
76.37469033,9.926670333,815,53.2,2024/04/26 11:06:31+00
76.37458783,9.9268335,816,52.3,2024/04/26 11:06:32+00
76.37449,9.9270005,817,52.2,2024/04/26 11:06:33+00
76.37439217,9.927164667,818,51.9,2024/04/26 11:06:34+00
76.37429167,9.9273255,819,51.3,2024/04/26 11:06:35+00
76.37418017,9.927476167,820,47.9,2024/04/26 11:06:36+00
76.37407883,9.927640833,821,47.2,2024/04/26 11:06:37+00
76.37398283,9.927803667,822,45.8,2024/04/26 11:06:38+00
76.37388767,9.927965,823,43.9,2024/04/26 11:06:39+00
76.3738035,9.928136667,824,43.5,2024/04/26 11:06:40+00
76.37372733,9.928304167,825,41.6,2024/04/26 11:06:41+00
76.37365833,9.928471667,826,40.1,2024/04/26 11:06:42+00
76.3735965,9.928643333,827,38.9,2024/04/26 11:06:43+00
76.37354567,9.928818,828,37.7,2024/04/26 11:06:44+00
76.37350267,9.928986667,829,35.4,2024/04/26 11:06:45+00
76.37346333,9.929154,830,32.7,2024/04/26 11:06:46+00
76.37344083,9.929326333,831,31.3,2024/04/26 11:06:47+00
76.37343833,9.929492167,832,28.7,2024/04/26 11:06:48+00
76.37343867,9.929665833,833,27.8,2024/04/26 11:06:49+00
76.373448,9.929839167,834,26.6,2024/04/26 11:06:50+00
76.373461,9.930015833,835,26.4,2024/04/26 11:06:51+00
76.37347867,9.9301955,836,26.3,2024/04/26 11:06:52+00
76.37350783,9.930371333,837,26.2,2024/04/26 11:06:53+00
76.37353983,9.930542,838,25.5,2024/04/26 11:06:54+00
76.373571,9.930704167,839,24,2024/04/26 11:06:55+00
76.37360183,9.930868167,840,23,2024/04/26 11:06:56+00
76.37363783,9.931043,841,23.2,2024/04/26 11:06:57+00
76.37366933,9.9312075,842,22,2024/04/26 11:06:58+00
76.3736985,9.931375,843,21.9,2024/04/26 11:06:59+00
76.37372167,9.9315465,844,22.1,2024/04/26 11:07:00+00
76.3737415,9.93171,845,20.6,2024/04/26 11:07:01+00
76.3737555,9.931881,846,20.7,2024/04/26 11:07:02+00
76.3737635,9.932055333,847,22,2024/04/26 11:07:03+00
76.37376183,9.932225333,848,22.4,2024/04/26 11:07:04+00
76.373753,9.932394167,849,22.8,2024/04/26 11:07:05+00
76.37373467,9.9325625,850,22.9,2024/04/26 11:07:06+00
76.373723,9.932734,851,24.3,2024/04/26 11:07:07+00
76.373717,9.932912667,852,27.4,2024/04/26 11:07:08+00
76.37369233,9.933086,853,29.4,2024/04/26 11:07:09+00
76.37365817,9.933259833,854,31.9,2024/04/26 11:07:10+00
76.373609,9.933419,855,31.7,2024/04/26 11:07:11+00
76.37354633,9.933582167,856,31.7,2024/04/26 11:07:12+00
76.3734905,9.933768167,857,35.2,2024/04/26 11:07:13+00
76.373414,9.933925667,858,36.4,2024/04/26 11:07:14+00
76.37331733,9.934065667,859,35.9,2024/04/26 11:07:15+00
76.373215,9.934198667,860,33.6,2024/04/26 11:07:16+00
76.37311533,9.934331667,861,32.7,2024/04/26 11:07:17+00
76.3730245,9.9344685,862,31.7,2024/04/26 11:07:18+00
76.3729325,9.9346065,863,30.9,2024/04/26 11:07:19+00
76.37284167,9.934747833,864,30.4,2024/04/26 11:07:20+00
76.37274933,9.934889167,865,30,2024/04/26 11:07:21+00
76.37265767,9.935030833,866,30.1,2024/04/26 11:07:22+00
76.37256917,9.935176833,867,30.4,2024/04/26 11:07:23+00
76.372478,9.9353205,868,30.4,2024/04/26 11:07:24+00
76.37239533,9.9354695,869,31.6,2024/04/26 11:07:25+00
76.37230833,9.935615,870,31.8,2024/04/26 11:07:26+00
76.372238,9.935777,871,35.6,2024/04/26 11:07:27+00
76.372163,9.935933833,872,37.8,2024/04/26 11:07:28+00
76.372079,9.9360835,873,39.3,2024/04/26 11:07:29+00
76.3719945,9.936231,874,40.2,2024/04/26 11:07:30+00
76.371905,9.936373667,875,40.7,2024/04/26 11:07:31+00
76.37182383,9.936529667,876,43.5,2024/04/26 11:07:32+00
76.3717235,9.9366655,877,42.5,2024/04/26 11:07:33+00
76.37162067,9.936809,878,43,2024/04/26 11:07:34+00
76.37153733,9.9369575,879,44.8,2024/04/26 11:07:35+00
76.371453,9.937109667,880,46.6,2024/04/26 11:07:36+00
76.371365,9.937259,881,47.5,2024/04/26 11:07:37+00
76.37127467,9.9374025,882,47.3,2024/04/26 11:07:38+00
76.37117733,9.937551833,883,46.6,2024/04/26 11:07:39+00
76.371082,9.937690333,884,45.8,2024/04/26 11:07:40+00
76.37099467,9.937837,885,46.7,2024/04/26 11:07:41+00
76.37089867,9.937979667,886,46.4,2024/04/26 11:07:42+00
76.3707715,9.938103833,887,44.3,2024/04/26 11:07:43+00
76.3706615,9.938235667,888,42.8,2024/04/26 11:07:44+00
76.3705605,9.938374333,889,41.7,2024/04/26 11:07:45+00
76.37046317,9.938514,890,40.7,2024/04/26 11:07:46+00
76.37036033,9.938649667,891,39,2024/04/26 11:07:47+00
76.37025967,9.938788,892,38,2024/04/26 11:07:48+00
76.37016417,9.938931167,893,37.6,2024/04/26 11:07:49+00
76.37006883,9.939072167,894,36.8,2024/04/26 11:07:50+00
76.369973,9.939210667,895,36.2,2024/04/26 11:07:51+00
76.36988317,9.939353167,896,36.1,2024/04/26 11:07:52+00
76.36980067,9.939498,897,36.5,2024/04/26 11:07:53+00
76.36971567,9.939637333,898,36.3,2024/04/26 11:07:54+00
76.36965417,9.939774333,899,35.8,2024/04/26 11:07:55+00
76.36956833,9.939903667,900,35.8,2024/04/26 11:07:56+00
76.36946133,9.940016833,901,34.8,2024/04/26 11:07:57+00
76.36934617,9.940154667,902,36.1,2024/04/26 11:07:58+00
76.36924967,9.940293333,903,36.4,2024/04/26 11:07:59+00
76.369144,9.940423667,904,36.4,2024/04/26 11:08:00+00
76.3690435,9.940554167,905,36.5,2024/04/26 11:08:01+00
76.36894667,9.940693667,906,38.2,2024/04/26 11:08:02+00
76.36884,9.940816833,907,38,2024/04/26 11:08:03+00
76.3687275,9.940931667,908,37.3,2024/04/26 11:08:04+00
76.368613,9.941044,909,36.9,2024/04/26 11:08:05+00
76.36849217,9.941149,910,36.1,2024/04/26 11:08:06+00
76.36837317,9.941247167,911,35.5,2024/04/26 11:08:07+00
76.36825267,9.941348667,912,35.3,2024/04/26 11:08:08+00
76.36813217,9.9414425,913,34.7,2024/04/26 11:08:09+00
76.36800483,9.941532667,914,34,2024/04/26 11:08:10+00
76.36787767,9.941614833,915,33.2,2024/04/26 11:08:11+00
76.36775217,9.941694833,916,32.7,2024/04/26 11:08:12+00
76.36762883,9.9417815,917,34.1,2024/04/26 11:08:13+00
76.36750383,9.941861,918,34.8,2024/04/26 11:08:14+00
76.36737317,9.941930333,919,34.3,2024/04/26 11:08:15+00
76.3672455,9.941995167,920,34.1,2024/04/26 11:08:16+00
76.367116,9.942056833,921,33.9,2024/04/26 11:08:17+00
76.3669865,9.9421145,922,33.5,2024/04/26 11:08:18+00
76.36685433,9.942168,923,33.1,2024/04/26 11:08:19+00
76.36672283,9.9422205,924,33.1,2024/04/26 11:08:20+00
76.36659,9.942265167,925,32.6,2024/04/26 11:08:21+00
76.36645833,9.942312333,926,32.6,2024/04/26 11:08:22+00
76.366321,9.942346667,927,31.7,2024/04/26 11:08:23+00
76.36618467,9.9423825,928,31.2,2024/04/26 11:08:24+00
76.3660475,9.9424155,929,31.1,2024/04/26 11:08:25+00
76.36591267,9.942448167,930,30.9,2024/04/26 11:08:26+00
76.3657765,9.94248,931,30.9,2024/04/26 11:08:27+00
76.3656395,9.9425075,932,30.1,2024/04/26 11:08:28+00
76.365504,9.942535833,933,29.7,2024/04/26 11:08:29+00
76.365369,9.942564,934,29.6,2024/04/26 11:08:30+00
76.3652345,9.9425915,935,29.2,2024/04/26 11:08:31+00
76.36510067,9.9426205,936,29.2,2024/04/26 11:08:32+00
76.36496683,9.942648,937,29,2024/04/26 11:08:33+00
76.36483383,9.942673167,938,28,2024/04/26 11:08:34+00
76.36470183,9.942701833,939,27.8,2024/04/26 11:08:35+00
76.36457033,9.942731,940,27.8,2024/04/26 11:08:36+00
76.36443867,9.942757667,941,27.4,2024/04/26 11:08:37+00
76.36430817,9.9427825,942,26.8,2024/04/26 11:08:38+00
76.36417867,9.942807167,943,26.6,2024/04/26 11:08:39+00
76.36405233,9.942835167,944,26.4,2024/04/26 11:08:40+00
76.36392583,9.942862167,945,26.3,2024/04/26 11:08:41+00
76.3638005,9.942888167,946,26,2024/04/26 11:08:42+00
76.36367567,9.942914667,947,25.8,2024/04/26 11:08:43+00
76.36355233,9.942940167,948,25.5,2024/04/26 11:08:44+00
76.36342983,9.942967333,949,25.4,2024/04/26 11:08:45+00
76.3633075,9.942992333,950,25,2024/04/26 11:08:46+00
76.3631855,9.943013333,951,24,2024/04/26 11:08:47+00
76.363066,9.9430415,952,24.3,2024/04/26 11:08:48+00
76.3629475,9.943067333,953,24.3,2024/04/26 11:08:49+00
76.36282933,9.943092333,954,24.1,2024/04/26 11:08:50+00
76.362712,9.943117167,955,23.7,2024/04/26 11:08:51+00
76.36259567,9.943144833,956,23.8,2024/04/26 11:08:52+00
76.3624785,9.943169333,957,23.4,2024/04/26 11:08:53+00
76.36236117,9.943193167,958,23,2024/04/26 11:08:54+00
76.36224467,9.943218333,959,22.8,2024/04/26 11:08:55+00
76.3621265,9.943240667,960,22.5,2024/04/26 11:08:56+00
76.36201083,9.943267833,961,22.6,2024/04/26 11:08:57+00
76.36189533,9.9432935,962,22.5,2024/04/26 11:08:58+00
76.36177983,9.943318667,963,22.3,2024/04/26 11:08:59+00
76.36166483,9.943343167,964,21.9,2024/04/26 11:09:00+00
76.36155133,9.943369833,965,22,2024/04/26 11:09:01+00
76.3614375,9.943393667,966,21.7,2024/04/26 11:09:02+00
76.36132467,9.9434195,967,21.8,2024/04/26 11:09:03+00
76.36121183,9.943443333,968,21.5,2024/04/26 11:09:04+00
76.36109983,9.9434605,969,20.3,2024/04/26 11:09:05+00
76.3609895,9.943481,970,19.4,2024/04/26 11:09:06+00
76.36087917,9.9435055,971,19.4,2024/04/26 11:09:07+00
76.36076883,9.9435285,972,19.3,2024/04/26 11:09:08+00
76.360659,9.943552333,973,19.3,2024/04/26 11:09:09+00
76.36055033,9.9435765,974,19.4,2024/04/26 11:09:10+00
76.360443,9.943601667,975,19.7,2024/04/26 11:09:11+00
76.36033533,9.943624167,976,19.5,2024/04/26 11:09:12+00
76.360228,9.9436465,977,19.4,2024/04/26 11:09:13+00
76.36012117,9.943670333,978,19.6,2024/04/26 11:09:14+00
76.36001567,9.943693333,979,19.6,2024/04/26 11:09:15+00
76.35990867,9.943713167,980,19.2,2024/04/26 11:09:16+00
76.35980183,9.943736,981,19.4,2024/04/26 11:09:17+00
76.35969517,9.943757167,982,19.1,2024/04/26 11:09:18+00
76.35958833,9.943780167,983,19.1,2024/04/26 11:09:19+00
76.35948267,9.943804,984,19.2,2024/04/26 11:09:20+00
76.359376,9.943826333,985,19.1,2024/04/26 11:09:21+00
76.3592715,9.9438525,986,19.5,2024/04/26 11:09:22+00
76.35916517,9.943871333,987,18.3,2024/04/26 11:09:23+00
76.35905933,9.943894667,988,18.3,2024/04/26 11:09:24+00
76.3589535,9.943920667,989,18.8,2024/04/26 11:09:25+00
76.35884867,9.943948,990,19.4,2024/04/26 11:09:26+00
76.35874167,9.943971667,991,19.5,2024/04/26 11:09:27+00
76.3586355,9.943991833,992,18.6,2024/04/26 11:09:28+00
76.35852917,9.9440155,993,18.6,2024/04/26 11:09:29+00
76.3584215,9.944038167,994,18.6,2024/04/26 11:09:30+00
76.35831383,9.944060667,995,18.5,2024/04/26 11:09:31+00
76.35820667,9.944082833,996,18.4,2024/04/26 11:09:32+00
76.358099,9.944105667,997,18.3,2024/04/26 11:09:33+00
76.35799083,9.944128833,998,18.3,2024/04/26 11:09:34+00
76.35788333,9.944148167,999,17.5,2024/04/26 11:09:35+00
76.35777483,9.944170833,1000,17.3,2024/04/26 11:09:36+00
76.3576665,9.944193667,1001,17,2024/04/26 11:09:37+00
76.35755783,9.944217667,1002,16.8,2024/04/26 11:09:38+00
76.3574505,9.944242333,1003,16.4,2024/04/26 11:09:39+00
76.357343,9.944265833,1004,15.8,2024/04/26 11:09:40+00
76.3572355,9.9442935,1005,15.7,2024/04/26 11:09:41+00
76.35712867,9.944322167,1006,15.5,2024/04/26 11:09:42+00
76.35702333,9.9443555,1007,15.7,2024/04/26 11:09:43+00
76.356918,9.944387833,1008,15.4,2024/04/26 11:09:44+00
76.3568135,9.9444225,1009,15.1,2024/04/26 11:09:45+00
76.35670883,9.944460667,1010,15,2024/04/26 11:09:46+00
76.35660517,9.944500167,1011,14.7,2024/04/26 11:09:47+00
76.35650917,9.944549,1012,15,2024/04/26 11:09:48+00
76.35640767,9.9445945,1013,14.7,2024/04/26 11:09:49+00
76.35630767,9.944645,1014,14.8,2024/04/26 11:09:50+00
76.35620933,9.944694167,1015,14.4,2024/04/26 11:09:51+00
76.35611283,9.944749333,1016,14.3,2024/04/26 11:09:52+00
76.3560175,9.944807667,1017,14.1,2024/04/26 11:09:53+00
76.35592917,9.9448615,1018,13.9,2024/04/26 11:09:54+00
76.35583767,9.9449215,1019,13.4,2024/04/26 11:09:55+00
76.355752,9.944978667,1020,13.2,2024/04/26 11:09:56+00
76.355665,9.945042,1021,12.9,2024/04/26 11:09:57+00
76.35558217,9.945108167,1022,13,2024/04/26 11:09:58+00
76.355503,9.945179333,1023,13.3,2024/04/26 11:09:59+00
76.35542267,9.945253667,1024,13.2,2024/04/26 11:10:00+00
76.35535517,9.945314333,1025,11.9,2024/04/26 11:10:01+00
76.35527767,9.945393,1026,11.5,2024/04/26 11:10:02+00
76.355199,9.945476167,1027,11.2,2024/04/26 11:10:03+00
76.3551235,9.9455535,1028,10,2024/04/26 11:10:04+00
76.35505067,9.945636667,1029,9.5,2024/04/26 11:10:05+00
76.35497817,9.945726667,1030,9,2024/04/26 11:10:06+00
76.354907,9.945821333,1031,8.9,2024/04/26 11:10:07+00
76.35483783,9.945926333,1032,9.5,2024/04/26 11:10:08+00
76.35476833,9.946024,1033,8.5,2024/04/26 11:10:09+00
76.35470217,9.946130833,1034,8.5,2024/04/26 11:10:10+00
76.354638,9.9462405,1035,8.5,2024/04/26 11:10:11+00
76.35457583,9.946353167,1036,8.5,2024/04/26 11:10:12+00
76.3545145,9.946465167,1037,8.4,2024/04/26 11:10:13+00
76.35445383,9.946578167,1038,8.5,2024/04/26 11:10:14+00
76.35439483,9.946693167,1039,9,2024/04/26 11:10:15+00
76.35433717,9.9468085,1040,9.4,2024/04/26 11:10:16+00
76.3542775,9.9469175,1041,9.8,2024/04/26 11:10:17+00
76.35422933,9.947041833,1042,10.8,2024/04/26 11:10:18+00
76.35417283,9.947154667,1043,10.8,2024/04/26 11:10:19+00
76.354113,9.947266167,1044,10.8,2024/04/26 11:10:20+00
76.35405283,9.947381667,1045,10.7,2024/04/26 11:10:21+00
76.35399333,9.947501333,1046,11.2,2024/04/26 11:10:22+00
76.35393317,9.947617,1047,11.4,2024/04/26 11:10:23+00
76.353883,9.947733667,1048,11.4,2024/04/26 11:10:24+00
76.353826,9.947854833,1049,12.2,2024/04/26 11:10:25+00
76.35376567,9.947972,1050,12.2,2024/04/26 11:10:26+00
76.35370483,9.948086,1051,11.5,2024/04/26 11:10:27+00
76.3536455,9.948208667,1052,12.3,2024/04/26 11:10:28+00
76.35358417,9.948328333,1053,12.4,2024/04/26 11:10:29+00
76.3535245,9.9484515,1054,12.9,2024/04/26 11:10:30+00
76.35346267,9.948575667,1055,13.3,2024/04/26 11:10:31+00
76.35340317,9.948709333,1056,15.2,2024/04/26 11:10:32+00
76.35333967,9.948834667,1057,15.5,2024/04/26 11:10:33+00
76.3532755,9.9489625,1058,16.2,2024/04/26 11:10:34+00
76.353208,9.949087667,1059,16,2024/04/26 11:10:35+00
76.35314,9.949213167,1060,16,2024/04/26 11:10:36+00
76.35307083,9.949339333,1061,15.8,2024/04/26 11:10:37+00
76.35300067,9.949467667,1062,15.5,2024/04/26 11:10:38+00
76.3529315,9.949599333,1063,15.6,2024/04/26 11:10:39+00
76.35286317,9.949734167,1064,16.1,2024/04/26 11:10:40+00
76.35279233,9.949870167,1065,16.4,2024/04/26 11:10:41+00
76.35272433,9.950015167,1066,17.9,2024/04/26 11:10:42+00
76.3526505,9.950148167,1067,16.6,2024/04/26 11:10:43+00
76.35258,9.950287333,1068,16.5,2024/04/26 11:10:44+00
76.35250517,9.950426333,1069,16,2024/04/26 11:10:45+00
76.35242967,9.950566667,1070,15.6,2024/04/26 11:10:46+00
76.35235067,9.950708,1071,15.3,2024/04/26 11:10:47+00
76.35227517,9.950848,1072,15.4,2024/04/26 11:10:48+00
76.35220383,9.950998833,1073,15.8,2024/04/26 11:10:49+00
76.35212567,9.951149333,1074,15.7,2024/04/26 11:10:50+00
76.35204567,9.951298833,1075,15.1,2024/04/26 11:10:51+00
76.35196583,9.951454,1076,15.1,2024/04/26 11:10:52+00
76.35188467,9.9516075,1077,15,2024/04/26 11:10:53+00
76.35180333,9.951764167,1078,15.2,2024/04/26 11:10:54+00
76.3517245,9.951926667,1079,16,2024/04/26 11:10:55+00
76.35164117,9.952087333,1080,16,2024/04/26 11:10:56+00
76.35155733,9.952248667,1081,16,2024/04/26 11:10:57+00
76.35147383,9.9524135,1082,16.4,2024/04/26 11:10:58+00
76.35139283,9.952589333,1083,18.4,2024/04/26 11:10:59+00
76.35130733,9.952753833,1084,18.2,2024/04/26 11:11:00+00
76.3512235,9.952926,1085,19.1,2024/04/26 11:11:01+00
76.35113733,9.953097167,1086,19.3,2024/04/26 11:11:02+00
76.351049,9.953268333,1087,19.4,2024/04/26 11:11:03+00
76.35095883,9.9534395,1088,19.4,2024/04/26 11:11:04+00
76.35086867,9.953613167,1089,19.4,2024/04/26 11:11:05+00
76.35077883,9.9537895,1090,19.8,2024/04/26 11:11:06+00
76.3506925,9.9539765,1091,21.5,2024/04/26 11:11:07+00
76.35060033,9.954152833,1092,21.2,2024/04/26 11:11:08+00
76.350506,9.954330833,1093,21,2024/04/26 11:11:09+00
76.35041117,9.954510333,1094,20.7,2024/04/26 11:11:10+00
76.35031267,9.954687833,1095,19.8,2024/04/26 11:11:11+00
76.35021867,9.954872167,1096,20,2024/04/26 11:11:12+00
76.35012067,9.955053333,1097,19.5,2024/04/26 11:11:13+00
76.350023,9.955236,1098,18.7,2024/04/26 11:11:14+00
76.3499235,9.9554165,1099,17.8,2024/04/26 11:11:15+00
76.34983433,9.955602333,1100,17.8,2024/04/26 11:11:16+00
76.349744,9.9557955,1101,18.6,2024/04/26 11:11:17+00
76.349648,9.955986,1102,18.8,2024/04/26 11:11:18+00
76.349552,9.956174167,1103,19,2024/04/26 11:11:19+00
76.34945383,9.956359333,1104,18.6,2024/04/26 11:11:20+00
76.34935533,9.956545,1105,18.7,2024/04/26 11:11:21+00
76.349257,9.9567295,1106,18.3,2024/04/26 11:11:22+00
76.34916283,9.9569215,1107,19.3,2024/04/26 11:11:23+00
76.34906483,9.957107167,1108,18.8,2024/04/26 11:11:24+00
76.3489635,9.957292,1109,18.1,2024/04/26 11:11:25+00
76.3488615,9.9574805,1110,17.9,2024/04/26 11:11:26+00
76.34876317,9.9576755,1111,18.4,2024/04/26 11:11:27+00
76.34866417,9.957868833,1112,18.4,2024/04/26 11:11:28+00
76.3485625,9.958059,1113,17.8,2024/04/26 11:11:29+00
76.34845667,9.958245333,1114,16.4,2024/04/26 11:11:30+00
76.34835333,9.9584355,1115,15.6,2024/04/26 11:11:31+00
76.34824833,9.958628833,1116,15,2024/04/26 11:11:32+00
76.348144,9.958820333,1117,14.1,2024/04/26 11:11:33+00
76.34804033,9.959015667,1118,13.7,2024/04/26 11:11:34+00
76.3479375,9.9592135,1119,13.5,2024/04/26 11:11:35+00
76.34783367,9.9594095,1120,13.2,2024/04/26 11:11:36+00
76.3477295,9.9596065,1121,13,2024/04/26 11:11:37+00
76.34762567,9.9598035,1122,12.7,2024/04/26 11:11:38+00
76.347522,9.960000167,1123,12.3,2024/04/26 11:11:39+00
76.347418,9.960196667,1124,12.1,2024/04/26 11:11:40+00
76.34731517,9.960392333,1125,11.8,2024/04/26 11:11:41+00
76.347213,9.960587667,1126,11.7,2024/04/26 11:11:42+00
76.34711117,9.960781167,1127,11.3,2024/04/26 11:11:43+00
76.34700867,9.960976167,1128,11.1,2024/04/26 11:11:44+00
76.34690617,9.961171833,1129,10.8,2024/04/26 11:11:45+00
76.34680367,9.961367333,1130,10.5,2024/04/26 11:11:46+00
76.34670067,9.961563333,1131,10.5,2024/04/26 11:11:47+00
76.34660017,9.9617575,1132,10.4,2024/04/26 11:11:48+00
76.34650033,9.961951667,1133,10.2,2024/04/26 11:11:49+00
76.3463995,9.962146833,1134,10.2,2024/04/26 11:11:50+00
76.34629833,9.962341333,1135,10.2,2024/04/26 11:11:51+00
76.34619817,9.962535,1136,10.1,2024/04/26 11:11:52+00
76.3460975,9.962728667,1137,10.1,2024/04/26 11:11:53+00
76.34599667,9.962922333,1138,10.9,2024/04/26 11:11:54+00
76.34589567,9.9631165,1139,10.8,2024/04/26 11:11:55+00
76.34579467,9.963312333,1140,10.8,2024/04/26 11:11:56+00
76.345695,9.963507,1141,10.5,2024/04/26 11:11:57+00
76.34559483,9.963701833,1142,10.4,2024/04/26 11:11:58+00
76.34549367,9.963897333,1143,10.5,2024/04/26 11:11:59+00
76.34539117,9.964093667,1144,10.5,2024/04/26 11:12:00+00
76.3452835,9.964288333,1145,11.1,2024/04/26 11:12:01+00
76.34517983,9.964484333,1146,11.2,2024/04/26 11:12:02+00
76.3450815,9.964687667,1147,11.9,2024/04/26 11:12:03+00
76.34498183,9.964894167,1148,12.8,2024/04/26 11:12:04+00
76.34487967,9.965093667,1149,12.9,2024/04/26 11:12:05+00
76.34477867,9.965293,1150,13.1,2024/04/26 11:12:06+00
76.34467617,9.9654925,1151,13,2024/04/26 11:12:07+00
76.34457333,9.965691,1152,12.8,2024/04/26 11:12:08+00
76.34447117,9.965889833,1153,12.7,2024/04/26 11:12:09+00
76.34437033,9.966089333,1154,12.8,2024/04/26 11:12:10+00
76.344268,9.966287333,1155,12.6,2024/04/26 11:12:11+00
76.3441665,9.966483833,1156,12.6,2024/04/26 11:12:12+00
76.3440675,9.966687333,1157,13.6,2024/04/26 11:12:13+00
76.3439665,9.9668855,1158,13.6,2024/04/26 11:12:14+00
76.3438645,9.967081333,1159,13.4,2024/04/26 11:12:15+00
76.34376217,9.967278167,1160,13.4,2024/04/26 11:12:16+00
76.34366133,9.9674745,1161,13.4,2024/04/26 11:12:17+00
76.3435625,9.967674833,1162,13.8,2024/04/26 11:12:18+00
76.34345933,9.967869667,1163,13.9,2024/04/26 11:12:19+00
76.34335783,9.968066167,1164,13.8,2024/04/26 11:12:20+00
76.3432565,9.968242167,1165,11.1,2024/04/26 11:12:21+00
76.34315183,9.968432333,1166,10.6,2024/04/26 11:12:22+00
76.34305017,9.96863,1167,10.6,2024/04/26 11:12:23+00
76.34294983,9.968830667,1168,11.3,2024/04/26 11:12:24+00
76.34284717,9.969029667,1169,11.6,2024/04/26 11:12:25+00
76.342743,9.969227167,1170,12,2024/04/26 11:12:26+00
76.34263467,9.969423333,1171,12.3,2024/04/26 11:12:27+00
76.34251583,9.969610667,1172,11.7,2024/04/26 11:12:28+00
76.34239417,9.969798333,1173,11.8,2024/04/26 11:12:29+00
76.342277,9.969991167,1174,13.8,2024/04/26 11:12:30+00
76.34214333,9.970169333,1175,13.8,2024/04/26 11:12:31+00
76.34200167,9.970341833,1176,14,2024/04/26 11:12:32+00
76.34185167,9.970505667,1177,13.9,2024/04/26 11:12:33+00
76.3416965,9.970653667,1178,13,2024/04/26 11:12:34+00
76.3415345,9.970802167,1179,12.8,2024/04/26 11:12:35+00
76.341366,9.9709295,1180,11.5,2024/04/26 11:12:36+00
76.34119367,9.971059333,1181,11,2024/04/26 11:12:37+00
76.34101917,9.971206833,1182,12.5,2024/04/26 11:12:38+00
76.3408425,9.9713375,1183,12.4,2024/04/26 11:12:39+00
76.34066433,9.971464167,1184,12,2024/04/26 11:12:40+00
76.340489,9.971608833,1185,14.3,2024/04/26 11:12:41+00
76.34031283,9.971746833,1186,16,2024/04/26 11:12:42+00
76.340133,9.971867833,1187,15.6,2024/04/26 11:12:43+00
76.33995617,9.971992,1188,15.6,2024/04/26 11:12:44+00
76.3397815,9.972120167,1189,16.3,2024/04/26 11:12:45+00
76.33960617,9.972248,1190,16.9,2024/04/26 11:12:46+00
76.3394295,9.972371833,1191,17.1,2024/04/26 11:12:47+00
76.33925183,9.972494,1192,17.3,2024/04/26 11:12:48+00
76.33907183,9.972610833,1193,17.1,2024/04/26 11:12:49+00
76.33888983,9.972721667,1194,16.9,2024/04/26 11:12:50+00
76.3387065,9.972833333,1195,17.1,2024/04/26 11:12:51+00
76.33852,9.972936833,1196,17.1,2024/04/26 11:12:52+00
76.33832983,9.973035667,1197,17.3,2024/04/26 11:12:53+00
76.33814017,9.973121167,1198,16.1,2024/04/26 11:12:54+00
76.33794333,9.973201667,1199,15.9,2024/04/26 11:12:55+00
76.3377425,9.973272333,1200,15.8,2024/04/26 11:12:56+00
76.33753833,9.973336333,1201,15.8,2024/04/26 11:12:57+00
76.33733267,9.973396667,1202,16.3,2024/04/26 11:12:58+00
76.33712467,9.973447333,1203,16.2,2024/04/26 11:12:59+00
76.33691483,9.973494833,1204,16.2,2024/04/26 11:13:00+00
76.33670467,9.973542,1205,16.5,2024/04/26 11:13:01+00
76.336493,9.973587167,1206,16.8,2024/04/26 11:13:02+00
76.33628233,9.973624167,1207,16.3,2024/04/26 11:13:03+00
76.33606767,9.973654167,1208,15.6,2024/04/26 11:13:04+00
76.33585583,9.973693833,1209,15.3,2024/04/26 11:13:05+00
76.33564617,9.973725333,1210,13.7,2024/04/26 11:13:06+00
76.33544317,9.973773167,1211,15.2,2024/04/26 11:13:07+00
76.33523267,9.973788667,1212,11.6,2024/04/26 11:13:08+00
76.33502133,9.973804833,1213,7.9,2024/04/26 11:13:09+00
76.33481067,9.973846,1214,7.6,2024/04/26 11:13:10+00
76.334599,9.973883833,1215,6.6,2024/04/26 11:13:11+00
76.334388,9.973921,1216,5.5,2024/04/26 11:13:12+00
76.334177,9.973959833,1217,4.9,2024/04/26 11:13:13+00
76.33396683,9.974001667,1218,5.8,2024/04/26 11:13:14+00
76.33375767,9.974044667,1219,6.3,2024/04/26 11:13:15+00
76.333547,9.974083667,1220,6.2,2024/04/26 11:13:16+00
76.33333517,9.97411,1221,4.1,2024/04/26 11:13:17+00
76.33312467,9.9741485,1222,4.2,2024/04/26 11:13:18+00
76.33291267,9.974175333,1223,2.6,2024/04/26 11:13:19+00
76.33270067,9.9742025,1224,1.8,2024/04/26 11:13:20+00
76.33249,9.974227167,1225,1.6,2024/04/26 11:13:21+00
76.332276,9.974248,1226,2.1,2024/04/26 11:13:22+00
76.33205767,9.974255833,1227,1.1,2024/04/26 11:13:23+00
76.33183917,9.974270333,1228,1.4,2024/04/26 11:13:24+00
76.33162383,9.974289833,1229,3.7,2024/04/26 11:13:25+00
76.33140283,9.974287667,1230,3.6,2024/04/26 11:13:26+00
76.33118117,9.974283167,1231,3.9,2024/04/26 11:13:27+00
76.33095983,9.974276833,1232,4.9,2024/04/26 11:13:28+00
76.33073633,9.974261833,1233,5.6,2024/04/26 11:13:29+00
76.33051383,9.974247333,1234,7.2,2024/04/26 11:13:30+00
76.33029133,9.974220833,1235,7.9,2024/04/26 11:13:31+00
76.3300695,9.974196,1236,8.6,2024/04/26 11:13:32+00
76.329846,9.974163333,1237,9,2024/04/26 11:13:33+00
76.32962317,9.9741235,1238,9.1,2024/04/26 11:13:34+00
76.329401,9.974083667,1239,9.2,2024/04/26 11:13:35+00
76.329179,9.974042333,1240,8.7,2024/04/26 11:13:36+00
76.3289565,9.974005667,1241,9,2024/04/26 11:13:37+00
76.328735,9.973967333,1242,9,2024/04/26 11:13:38+00
76.32851383,9.9739295,1243,9.2,2024/04/26 11:13:39+00
76.3282935,9.973895167,1244,9.7,2024/04/26 11:13:40+00
76.328074,9.973857333,1245,9.9,2024/04/26 11:13:41+00
76.32785617,9.9738215,1246,10.2,2024/04/26 11:13:42+00
76.32763917,9.973786833,1247,10.6,2024/04/26 11:13:43+00
76.32742267,9.973749833,1248,10.9,2024/04/26 11:13:44+00
76.32720617,9.973714167,1249,11.2,2024/04/26 11:13:45+00
76.32699033,9.9736775,1250,11.6,2024/04/26 11:13:46+00
76.32677533,9.973640667,1251,11.6,2024/04/26 11:13:47+00
76.3265615,9.9736055,1252,11.9,2024/04/26 11:13:48+00
76.326348,9.973571833,1253,12.3,2024/04/26 11:13:49+00
76.3261355,9.973535667,1254,12.1,2024/04/26 11:13:50+00
76.3259235,9.973494667,1255,11.5,2024/04/26 11:13:51+00
76.32571217,9.973458,1256,11.5,2024/04/26 11:13:52+00
76.32550217,9.97342,1257,11.1,2024/04/26 11:13:53+00
76.325292,9.973385667,1258,11.1,2024/04/26 11:13:54+00
76.32508117,9.973349667,1259,10.9,2024/04/26 11:13:55+00
76.32486967,9.973310333,1260,10.4,2024/04/26 11:13:56+00
76.32465917,9.973273667,1261,10,2024/04/26 11:13:57+00
76.32444767,9.973235667,1262,9.8,2024/04/26 11:13:58+00
76.32423567,9.973195333,1263,9.2,2024/04/26 11:13:59+00
76.32402383,9.973160333,1264,9.1,2024/04/26 11:14:00+00
76.32381183,9.9731255,1265,9.1,2024/04/26 11:14:01+00
76.32359933,9.973089167,1266,8.8,2024/04/26 11:14:02+00
76.32338567,9.973052667,1267,8.5,2024/04/26 11:14:03+00
76.32317117,9.973015333,1268,8.1,2024/04/26 11:14:04+00
76.3229555,9.9729795,1269,7.9,2024/04/26 11:14:05+00
76.3227385,9.972947667,1270,8,2024/04/26 11:14:06+00
76.32251967,9.9729075,1271,7.2,2024/04/26 11:14:07+00
76.32230133,9.972866333,1272,5.4,2024/04/26 11:14:08+00
76.32207933,9.972851,1273,5.6,2024/04/26 11:14:09+00
76.3218565,9.972837667,1274,5.2,2024/04/26 11:14:10+00
76.32163433,9.972840667,1275,5.5,2024/04/26 11:14:11+00
76.3214115,9.972853667,1276,5.6,2024/04/26 11:14:12+00
76.32118983,9.972871833,1277,5.6,2024/04/26 11:14:13+00
76.32096967,9.972899167,1278,5.4,2024/04/26 11:14:14+00
76.3207505,9.9729365,1279,5.3,2024/04/26 11:14:15+00
76.32053133,9.9729785,1280,4.7,2024/04/26 11:14:16+00
76.320318,9.973033167,1281,4.6,2024/04/26 11:14:17+00
76.32010983,9.973102333,1282,5.5,2024/04/26 11:14:18+00
76.31990767,9.973177833,1283,6.1,2024/04/26 11:14:19+00
76.31971033,9.9732585,1284,6.4,2024/04/26 11:14:20+00
76.31951867,9.973344167,1285,6.4,2024/04/26 11:14:21+00
76.31933267,9.973434167,1286,6.3,2024/04/26 11:14:22+00
76.31915233,9.973527667,1287,6.5,2024/04/26 11:14:23+00
76.31897667,9.9736215,1288,6.6,2024/04/26 11:14:24+00
76.31880667,9.973716333,1289,6.7,2024/04/26 11:14:25+00
76.318642,9.973814333,1290,7.4,2024/04/26 11:14:26+00
76.31848083,9.9739075,1291,7.9,2024/04/26 11:14:27+00
76.31832367,9.973998667,1292,8.4,2024/04/26 11:14:28+00
76.31817133,9.974084,1293,8.6,2024/04/26 11:14:29+00
76.3180225,9.9741675,1294,8.9,2024/04/26 11:14:30+00
76.31788467,9.9742575,1295,10.5,2024/04/26 11:14:31+00
76.31774117,9.974343,1296,11.1,2024/04/26 11:14:32+00
76.3176005,9.9744375,1297,11.6,2024/04/26 11:14:33+00
76.31747567,9.974516667,1298,12.4,2024/04/26 11:14:34+00
76.31734717,9.974588167,1299,13.1,2024/04/26 11:14:35+00
76.31722067,9.974653333,1300,12.3,2024/04/26 11:14:36+00
76.3171005,9.9747305,1301,14,2024/04/26 11:14:37+00
76.31698233,9.9748075,1302,15.8,2024/04/26 11:14:38+00
76.31686417,9.974875167,1303,15.8,2024/04/26 11:14:39+00
76.31674683,9.974934833,1304,14.9,2024/04/26 11:14:40+00
76.31663383,9.975009333,1305,16.5,2024/04/26 11:14:41+00
76.31652133,9.9750745,1306,16.6,2024/04/26 11:14:42+00
76.31641,9.9751345,1307,16.2,2024/04/26 11:14:43+00
76.31630233,9.975204333,1308,17.4,2024/04/26 11:14:44+00
76.31619267,9.975269,1309,17.7,2024/04/26 11:14:45+00
76.31608383,9.975334167,1310,18.1,2024/04/26 11:14:46+00
76.31597467,9.975397,1311,18.4,2024/04/26 11:14:47+00
76.31586517,9.9754565,1312,18.2,2024/04/26 11:14:48+00
76.31575567,9.9755175,1313,18.5,2024/04/26 11:14:49+00
76.3156495,9.975583333,1314,19.4,2024/04/26 11:14:50+00
76.31554167,9.975646,1315,19.8,2024/04/26 11:14:51+00
76.315438,9.975721667,1316,21.8,2024/04/26 11:14:52+00
76.3153365,9.975795,1317,23.7,2024/04/26 11:14:53+00
76.31523617,9.975872167,1318,25.8,2024/04/26 11:14:54+00
76.31512633,9.9759295,1319,26.5,2024/04/26 11:14:55+00
76.3150265,9.975988,1320,27.5,2024/04/26 11:14:56+00
76.314916,9.9760575,1321,27.4,2024/04/26 11:14:57+00
76.31481983,9.976173167,1322,28.2,2024/04/26 11:14:58+00
76.314742,9.976308667,1323,30.8,2024/04/26 11:14:59+00
76.3146675,9.976466667,1324,39.7,2024/04/26 11:15:00+00
76.3145805,9.976605833,1325,49.4,2024/04/26 11:15:01+00
76.3144955,9.9767005,1326,55.3,2024/04/26 11:15:02+00
76.3143925,9.976729833,1327,50.4,2024/04/26 11:15:03+00
76.314282,9.976759,1328,45.9,2024/04/26 11:15:04+00
76.314168,9.976789333,1329,42.5,2024/04/26 11:15:05+00
76.314057,9.976832667,1330,41.4,2024/04/26 11:15:06+00
76.31394817,9.976877833,1331,40.2,2024/04/26 11:15:07+00
76.31383867,9.976918667,1332,38.5,2024/04/26 11:15:08+00
76.31372983,9.976963333,1333,37,2024/04/26 11:15:09+00
76.31362467,9.9770165,1334,36.3,2024/04/26 11:15:10+00
76.31351933,9.977068833,1335,35.7,2024/04/26 11:15:11+00
76.3134145,9.977120333,1336,34.7,2024/04/26 11:15:12+00
76.31330967,9.977169833,1337,33.5,2024/04/26 11:15:13+00
76.31320583,9.977219667,1338,32.4,2024/04/26 11:15:14+00
76.3131055,9.9772735,1339,31.3,2024/04/26 11:15:15+00
76.3130035,9.977326667,1340,30.2,2024/04/26 11:15:16+00
76.3129045,9.977376,1341,28.9,2024/04/26 11:15:17+00
76.31280567,9.977427833,1342,27.2,2024/04/26 11:15:18+00
76.31271133,9.977488667,1343,26.6,2024/04/26 11:15:19+00
76.31261467,9.977545,1344,24.9,2024/04/26 11:15:20+00
76.31252017,9.977604,1345,23.4,2024/04/26 11:15:21+00
76.3124275,9.977665833,1346,22.2,2024/04/26 11:15:22+00
76.31233517,9.9777295,1347,21.3,2024/04/26 11:15:23+00
76.31224567,9.977793333,1348,20.5,2024/04/26 11:15:24+00
76.312156,9.977858667,1349,20.3,2024/04/26 11:15:25+00
76.31207217,9.977936333,1350,22,2024/04/26 11:15:26+00
76.311993,9.978015333,1351,23.8,2024/04/26 11:15:27+00
76.31191083,9.978085,1352,23.5,2024/04/26 11:15:28+00
76.31182817,9.9781515,1353,23.2,2024/04/26 11:15:29+00
76.3117435,9.978214667,1354,22.7,2024/04/26 11:15:30+00
76.31166317,9.978284833,1355,23.3,2024/04/26 11:15:31+00
76.311586,9.978349667,1356,23.1,2024/04/26 11:15:32+00
76.31151033,9.978418333,1357,24,2024/04/26 11:15:33+00
76.31143617,9.978484333,1358,24.7,2024/04/26 11:15:34+00
76.31136733,9.9785505,1359,26.1,2024/04/26 11:15:35+00
76.31130517,9.978624167,1360,28.9,2024/04/26 11:15:36+00
76.3112375,9.978683333,1361,29.6,2024/04/26 11:15:37+00
76.31117217,9.978742,1362,30.7,2024/04/26 11:15:38+00
76.31110767,9.978797667,1363,31.7,2024/04/26 11:15:39+00
76.31103883,9.978842,1364,31.5,2024/04/26 11:15:40+00
76.310969,9.978881833,1365,30.7,2024/04/26 11:15:41+00
76.31090283,9.9789285,1366,31,2024/04/26 11:15:42+00
76.310836,9.978975167,1367,31.6,2024/04/26 11:15:43+00
76.310766,9.979016333,1368,31.7,2024/04/26 11:15:44+00
76.3106985,9.979062167,1369,31.9,2024/04/26 11:15:45+00
76.3106305,9.9791035,1370,31.9,2024/04/26 11:15:46+00
76.31056233,9.9791455,1371,32.4,2024/04/26 11:15:47+00
76.31049383,9.979185833,1372,32.7,2024/04/26 11:15:48+00
76.31042483,9.979223833,1373,33,2024/04/26 11:15:49+00
76.310355,9.9792585,1374,33,2024/04/26 11:15:50+00
76.310285,9.979290333,1375,32.7,2024/04/26 11:15:51+00
76.31021517,9.979323667,1376,32.7,2024/04/26 11:15:52+00
76.310146,9.979357167,1377,32.8,2024/04/26 11:15:53+00
76.31007617,9.979388,1378,32.7,2024/04/26 11:15:54+00
76.3100055,9.979417833,1379,32.7,2024/04/26 11:15:55+00
76.309935,9.9794465,1380,32.6,2024/04/26 11:15:56+00
76.3098645,9.9794735,1381,32.4,2024/04/26 11:15:57+00
76.3097935,9.979495833,1382,31.8,2024/04/26 11:15:58+00
76.30972083,9.979510833,1383,30.4,2024/04/26 11:15:59+00
76.30965067,9.979530167,1384,29.6,2024/04/26 11:16:00+00
76.30958117,9.979546667,1385,28.7,2024/04/26 11:16:01+00
76.309512,9.979561167,1386,27.8,2024/04/26 11:16:02+00
76.3094455,9.979579333,1387,27.4,2024/04/26 11:16:03+00
76.309381,9.979599667,1388,27.4,2024/04/26 11:16:04+00
76.30931867,9.979624833,1389,28.1,2024/04/26 11:16:05+00
76.30925833,9.979654,1390,29.3,2024/04/26 11:16:06+00
76.30919667,9.979672833,1391,29.2,2024/04/26 11:16:07+00
76.30913483,9.979691333,1392,29.2,2024/04/26 11:16:08+00
76.30907283,9.9797045,1393,28.8,2024/04/26 11:16:09+00
76.30901217,9.979723333,1394,29.3,2024/04/26 11:16:10+00
76.30895167,9.979744833,1395,30,2024/04/26 11:16:11+00
76.30889233,9.979772167,1396,31.3,2024/04/26 11:16:12+00
76.308831,9.9797915,1397,31.8,2024/04/26 11:16:13+00
76.30876967,9.979811,1398,32.5,2024/04/26 11:16:14+00
76.30871667,9.979852167,1399,36.1,2024/04/26 11:16:15+00
76.30866233,9.979885667,1400,38.6,2024/04/26 11:16:16+00
76.30860883,9.979928,1401,42.3,2024/04/26 11:16:17+00
76.3085545,9.979959,1402,44.6,2024/04/26 11:16:18+00
76.3085085,9.980015,1403,50.3,2024/04/26 11:16:19+00
76.30845783,9.980059667,1404,54.4,2024/04/26 11:16:20+00
76.30840717,9.9800975,1405,57.7,2024/04/26 11:16:21+00
76.30835517,9.980116333,1406,59.2,2024/04/26 11:16:22+00
76.30830083,9.980126167,1407,59.9,2024/04/26 11:16:23+00
76.30824817,9.980127,1408,59.7,2024/04/26 11:16:24+00
76.30818233,9.980112667,1409,57,2024/04/26 11:16:25+00
76.30811567,9.980099333,1410,54.6,2024/04/26 11:16:26+00
76.30805283,9.980094,1411,53.2,2024/04/26 11:16:27+00
76.30798967,9.980086833,1412,51.3,2024/04/26 11:16:28+00
76.30792833,9.980086833,1413,50.4,2024/04/26 11:16:29+00
76.30786417,9.980082167,1414,48.7,2024/04/26 11:16:30+00
76.3077965,9.9800725,1415,46.3,2024/04/26 11:16:31+00
76.30773117,9.980064,1416,44.1,2024/04/26 11:16:32+00
76.30767067,9.980077167,1417,44.6,2024/04/26 11:16:33+00
76.30760817,9.980080833,1418,43.4,2024/04/26 11:16:34+00
76.3075495,9.980092667,1419,43.6,2024/04/26 11:16:35+00
76.30749817,9.980091333,1420,42.7,2024/04/26 11:16:36+00
76.30744433,9.980082333,1421,41.4,2024/04/26 11:16:37+00
76.30738967,9.980061333,1422,38.7,2024/04/26 11:16:38+00
76.30732633,9.980058,1423,37.3,2024/04/26 11:16:39+00
76.30726283,9.980055,1424,35.8,2024/04/26 11:16:40+00
76.3071995,9.980051,1425,34,2024/04/26 11:16:41+00
76.307136,9.980054167,1426,33.2,2024/04/26 11:16:42+00
76.30707567,9.980061167,1427,32.9,2024/04/26 11:16:43+00
76.3070155,9.980064667,1428,32.3,2024/04/26 11:16:44+00
76.30695367,9.980063667,1429,31.1,2024/04/26 11:16:45+00
76.30688933,9.980059667,1430,29.5,2024/04/26 11:16:46+00
76.306825,9.980056167,1431,28,2024/04/26 11:16:47+00
76.306762,9.980053333,1432,26.3,2024/04/26 11:16:48+00
76.30670083,9.980051333,1433,24.8,2024/04/26 11:16:49+00
76.30663983,9.980051833,1434,23.8,2024/04/26 11:16:50+00
76.3065795,9.980053333,1435,22.9,2024/04/26 11:16:51+00
76.30651833,9.980056,1436,22,2024/04/26 11:16:52+00
76.30645667,9.9800575,1437,21,2024/04/26 11:16:53+00
76.30639983,9.980058833,1438,19.8,2024/04/26 11:16:54+00
76.306341,9.980061167,1439,18.9,2024/04/26 11:16:55+00
76.3062835,9.980063333,1440,18.1,2024/04/26 11:16:56+00
76.30622667,9.980068,1441,17.5,2024/04/26 11:16:57+00
76.3061685,9.980072833,1442,17,2024/04/26 11:16:58+00
76.3061155,9.9800775,1443,16.5,2024/04/26 11:16:59+00
76.3060605,9.980083333,1444,16.1,2024/04/26 11:17:00+00
76.30600483,9.980086333,1445,15,2024/04/26 11:17:01+00
76.30594883,9.980090667,1446,14.5,2024/04/26 11:17:02+00
76.30589817,9.980086167,1447,13.7,2024/04/26 11:17:03+00
76.30585517,9.980076,1448,12.9,2024/04/26 11:17:04+00
76.30580233,9.980078833,1449,12.5,2024/04/26 11:17:05+00
76.3057475,9.980082333,1450,11.8,2024/04/26 11:17:06+00
76.30569317,9.9800885,1451,11.6,2024/04/26 11:17:07+00
76.305639,9.980093,1452,11.1,2024/04/26 11:17:08+00
76.30558533,9.980097167,1453,10.7,2024/04/26 11:17:09+00
76.30553483,9.9800995,1454,10,2024/04/26 11:17:10+00
76.30548583,9.980104167,1455,9.7,2024/04/26 11:17:11+00
76.30543583,9.980109,1456,9.4,2024/04/26 11:17:12+00
76.3053855,9.980115333,1457,9.3,2024/04/26 11:17:13+00
76.3053365,9.980120333,1458,8.9,2024/04/26 11:17:14+00
76.30529467,9.980130833,1459,9.2,2024/04/26 11:17:15+00
76.30525233,9.980138,1460,9.2,2024/04/26 11:17:16+00
76.30520817,9.9801455,1461,9.3,2024/04/26 11:17:17+00
76.3051615,9.980152,1462,9.1,2024/04/26 11:17:18+00
76.30511683,9.980160833,1463,9.4,2024/04/26 11:17:19+00
76.30507367,9.980171333,1464,9.9,2024/04/26 11:17:20+00
76.30503167,9.980179167,1465,10.1,2024/04/26 11:17:21+00
76.3049905,9.980185167,1466,10,2024/04/26 11:17:22+00
76.30495067,9.9801945,1467,10.3,2024/04/26 11:17:23+00
76.30491017,9.980202167,1468,10.3,2024/04/26 11:17:24+00
76.304871,9.9802075,1469,10,2024/04/26 11:17:25+00
76.3048315,9.9802125,1470,9.8,2024/04/26 11:17:26+00
76.30479183,9.980216167,1471,9.5,2024/04/26 11:17:27+00
76.30475433,9.980220333,1472,9.3,2024/04/26 11:17:28+00
76.3047195,9.980225167,1473,9,2024/04/26 11:17:29+00
76.30468483,9.9802285,1474,8.5,2024/04/26 11:17:30+00
76.30465,9.9802325,1475,8.2,2024/04/26 11:17:31+00
76.30461633,9.9802355,1476,7.9,2024/04/26 11:17:32+00
76.30458467,9.9802395,1477,7.7,2024/04/26 11:17:33+00
76.3045525,9.9802435,1478,7.5,2024/04/26 11:17:34+00
76.30452233,9.980247667,1479,7.4,2024/04/26 11:17:35+00
76.30449283,9.9802505,1480,7,2024/04/26 11:17:36+00
76.3044655,9.980253,1481,6.7,2024/04/26 11:17:37+00
76.30443983,9.980255333,1482,6.4,2024/04/26 11:17:38+00
76.30441433,9.9802575,1483,6.2,2024/04/26 11:17:39+00
76.30439083,9.980259167,1484,5.9,2024/04/26 11:17:40+00
76.304372,9.9802615,1485,5.7,2024/04/26 11:17:41+00
76.30435667,9.980263,1486,5.5,2024/04/26 11:17:42+00
76.304347,9.980263667,1487,5.3,2024/04/26 11:17:43+00
76.3043425,9.980262833,1488,5.1,2024/04/26 11:17:44+00
76.30434017,9.980262,1489,4.9,2024/04/26 11:17:45+00
76.30433767,9.980261,1490,4.7,2024/04/26 11:17:46+00
76.30433583,9.9802595,1491,4.5,2024/04/26 11:17:47+00
76.3043345,9.980258167,1492,4.3,2024/04/26 11:17:48+00
76.30433267,9.980257,1493,4.1,2024/04/26 11:17:49+00
76.30433117,9.9802565,1494,4,2024/04/26 11:17:50+00
76.30432967,9.980256167,1495,3.9,2024/04/26 11:17:51+00
76.30432817,9.980255833,1496,3.8,2024/04/26 11:17:52+00
76.30432683,9.980255667,1497,3.7,2024/04/26 11:17:53+00
76.30432567,9.980255167,1498,3.6,2024/04/26 11:17:54+00
76.30432467,9.980255,1499,3.5,2024/04/26 11:17:55+00
76.3043245,9.980258167,1500,3.9,2024/04/26 11:17:56+00
76.30432433,9.980259333,1501,4,2024/04/26 11:17:57+00
76.30432417,9.980260167,1502,4,2024/04/26 11:17:58+00
76.30432383,9.980260833,1503,4.1,2024/04/26 11:17:59+00
76.30432333,9.980261167,1504,4.1,2024/04/26 11:18:00+00
76.30432283,9.980260833,1505,4.1,2024/04/26 11:18:01+00
76.30432183,9.980262333,1506,4.3,2024/04/26 11:18:02+00
76.30432083,9.980263333,1507,4.5,2024/04/26 11:18:03+00
76.30431967,9.980264833,1508,4.7,2024/04/26 11:18:04+00
76.3043185,9.980265833,1509,4.8,2024/04/26 11:18:05+00
76.3043175,9.980266667,1510,5,2024/04/26 11:18:06+00
76.30431633,9.980267333,1511,5.2,2024/04/26 11:18:07+00
76.30431533,9.9802675,1512,5.2,2024/04/26 11:18:08+00
76.30431417,9.980268,1513,5.3,2024/04/26 11:18:09+00
76.30431317,9.980268833,1514,5.5,2024/04/26 11:18:10+00
76.30431217,9.980269833,1515,5.7,2024/04/26 11:18:11+00
76.30431167,9.980270167,1516,5.7,2024/04/26 11:18:12+00
76.30431133,9.980270333,1517,5.7,2024/04/26 11:18:13+00
76.30431083,9.980271,1518,5.8,2024/04/26 11:18:14+00
76.30431033,9.980271667,1519,5.9,2024/04/26 11:18:15+00
76.3043105,9.980270667,1520,5.6,2024/04/26 11:18:16+00
76.3043095,9.9802715,1521,5.7,2024/04/26 11:18:17+00
76.30430833,9.980273,1522,5.8,2024/04/26 11:18:18+00
76.3043075,9.980273833,1523,5.8,2024/04/26 11:18:19+00
76.30430667,9.9802745,1524,5.8,2024/04/26 11:18:20+00
76.30430533,9.980275667,1525,5.9,2024/04/26 11:18:21+00
76.30430433,9.980276667,1526,5.9,2024/04/26 11:18:22+00
76.30430367,9.980277667,1527,6,2024/04/26 11:18:23+00
76.30430283,9.980278333,1528,6,2024/04/26 11:18:24+00
76.30430317,9.980279,1529,5.9,2024/04/26 11:18:25+00
76.3043015,9.980284,1530,6.6,2024/04/26 11:18:26+00
76.3043,9.980287333,1531,7,2024/04/26 11:18:27+00
76.30429883,9.9802895,1532,7.2,2024/04/26 11:18:28+00
76.3042975,9.9802925,1533,7.5,2024/04/26 11:18:29+00
76.30429617,9.980294167,1534,7.7,2024/04/26 11:18:30+00
76.30429483,9.9802955,1535,7.9,2024/04/26 11:18:31+00
76.30429367,9.9802965,1536,8,2024/04/26 11:18:32+00
76.3042925,9.980297333,1537,8,2024/04/26 11:18:33+00
76.3042915,9.980298333,1538,8.1,2024/04/26 11:18:34+00
76.304291,9.980298667,1539,8,2024/04/26 11:18:35+00
76.30429017,9.9803,1540,8.1,2024/04/26 11:18:36+00
76.3042895,9.9803015,1541,8.3,2024/04/26 11:18:37+00
76.30428883,9.980302667,1542,8.4,2024/04/26 11:18:38+00
76.3042885,9.9803035,1543,8.5,2024/04/26 11:18:39+00
76.30428783,9.980304,1544,8.6,2024/04/26 11:18:40+00
76.30428717,9.980304667,1545,8.8,2024/04/26 11:18:41+00
76.30428633,9.980305,1546,8.9,2024/04/26 11:18:42+00
76.30428583,9.9803055,1547,9,2024/04/26 11:18:43+00
76.3042855,9.980306167,1548,9.2,2024/04/26 11:18:44+00
76.304285,9.980306167,1549,9.3,2024/04/26 11:18:45+00
76.30428467,9.980306167,1550,9.3,2024/04/26 11:18:46+00
76.30428417,9.980305833,1551,9.3,2024/04/26 11:18:47+00
76.30428383,9.980305833,1552,9.3,2024/04/26 11:18:48+00
76.3042835,9.980305667,1553,9.3,2024/04/26 11:18:49+00
76.30428317,9.980305833,1554,9.3,2024/04/26 11:18:50+00
76.30428283,9.980305667,1555,9.3,2024/04/26 11:18:51+00
76.30428233,9.980305333,1556,9.2,2024/04/26 11:18:52+00
76.304282,9.980305,1557,9.1,2024/04/26 11:18:53+00
76.30428183,9.980304833,1558,9,2024/04/26 11:18:54+00
76.30428217,9.980304333,1559,8.7,2024/04/26 11:18:55+00
76.30428217,9.980303833,1560,8.6,2024/04/26 11:18:56+00
76.30428233,9.9803035,1561,8.4,2024/04/26 11:18:57+00
76.30428233,9.9803035,1562,8.3,2024/04/26 11:18:58+00
76.30428267,9.980302667,1563,8,2024/04/26 11:18:59+00
76.30428317,9.980302,1564,7.8,2024/04/26 11:19:00+00
76.30428317,9.980302333,1565,7.8,2024/04/26 11:19:01+00
76.30428333,9.980302167,1566,7.7,2024/04/26 11:19:02+00
76.30428333,9.980302333,1567,7.8,2024/04/26 11:19:03+00
76.30428317,9.980302833,1568,7.9,2024/04/26 11:19:04+00
76.30428317,9.980303,1569,7.9,2024/04/26 11:19:05+00
76.30428317,9.980303,1570,8,2024/04/26 11:19:06+00
76.304283,9.980303167,1571,8.1,2024/04/26 11:19:07+00
76.304283,9.980303167,1572,8.1,2024/04/26 11:19:08+00
76.30428283,9.980303333,1573,8.2,2024/04/26 11:19:09+00
76.30428267,9.980303833,1574,8.3,2024/04/26 11:19:10+00
76.3042825,9.980304167,1575,8.3,2024/04/26 11:19:11+00
76.30428233,9.9803045,1576,8.4,2024/04/26 11:19:12+00
76.304282,9.980305,1577,8.5,2024/04/26 11:19:13+00
76.30428167,9.980305167,1578,8.5,2024/04/26 11:19:14+00
76.30428133,9.980305833,1579,8.6,2024/04/26 11:19:15+00
76.304281,9.980306,1580,8.6,2024/04/26 11:19:16+00
76.3042805,9.980306167,1581,8.6,2024/04/26 11:19:17+00
76.30428,9.9803065,1582,8.7,2024/04/26 11:19:18+00
76.3042795,9.980306667,1583,8.7,2024/04/26 11:19:19+00
76.304279,9.980306833,1584,8.7,2024/04/26 11:19:20+00
76.30427867,9.980307,1585,8.7,2024/04/26 11:19:21+00
76.30427833,9.980307167,1586,8.7,2024/04/26 11:19:22+00
76.30427833,9.9803075,1587,8.7,2024/04/26 11:19:23+00
76.30427833,9.980307833,1588,8.7,2024/04/26 11:19:24+00
76.30427867,9.980308,1589,8.7,2024/04/26 11:19:25+00
76.3042785,9.980308167,1590,8.7,2024/04/26 11:19:26+00
76.30427883,9.980308167,1591,8.7,2024/04/26 11:19:27+00
76.30427917,9.980308333,1592,8.6,2024/04/26 11:19:28+00
76.30427933,9.980308333,1593,8.5,2024/04/26 11:19:29+00
76.3042795,9.980308333,1594,8.5,2024/04/26 11:19:30+00
76.30427983,9.980308667,1595,8.5,2024/04/26 11:19:31+00
76.30428017,9.980309,1596,8.6,2024/04/26 11:19:32+00
76.30428067,9.980309167,1597,8.5,2024/04/26 11:19:33+00
76.30428083,9.9803095,1598,8.6,2024/04/26 11:19:34+00
76.304281,9.980309667,1599,8.6,2024/04/26 11:19:35+00
76.304281,9.98031,1600,8.6,2024/04/26 11:19:36+00
76.304281,9.98031,1601,8.6,2024/04/26 11:19:37+00
76.304281,9.980310167,1602,8.7,2024/04/26 11:19:38+00
76.304281,9.980310333,1603,8.7,2024/04/26 11:19:39+00
76.304281,9.980310667,1604,8.7,2024/04/26 11:19:40+00
76.304281,9.980311,1605,8.8,2024/04/26 11:19:41+00
76.30428083,9.980311333,1606,8.8,2024/04/26 11:19:42+00
76.3042805,9.9803115,1607,8.8,2024/04/26 11:19:43+00
76.30428017,9.980311833,1608,8.9,2024/04/26 11:19:44+00
76.30427967,9.980312,1609,8.9,2024/04/26 11:19:45+00
76.30427933,9.980312,1610,8.9,2024/04/26 11:19:46+00
76.304279,9.980312167,1611,9,2024/04/26 11:19:47+00
76.30427883,9.980312333,1612,9.1,2024/04/26 11:19:48+00
76.3042785,9.980312667,1613,9.3,2024/04/26 11:19:49+00
76.304278,9.980313333,1614,9.5,2024/04/26 11:19:50+00
76.30427767,9.9803135,1615,9.6,2024/04/26 11:19:51+00
76.3042775,9.980314,1616,9.7,2024/04/26 11:19:52+00
76.3042775,9.980314333,1617,9.8,2024/04/26 11:19:53+00
76.30427733,9.9803145,1618,9.9,2024/04/26 11:19:54+00
76.3042775,9.980315,1619,10.1,2024/04/26 11:19:55+00
76.30427767,9.980315333,1620,10.2,2024/04/26 11:19:56+00
76.30427767,9.980315667,1621,10.3,2024/04/26 11:19:57+00
76.30427767,9.980316,1622,10.5,2024/04/26 11:19:58+00
76.30427767,9.980316333,1623,10.6,2024/04/26 11:19:59+00
76.3042775,9.9803165,1624,10.6,2024/04/26 11:20:00+00
76.30427733,9.980316667,1625,10.7,2024/04/26 11:20:01+00
76.30427733,9.980316667,1626,10.8,2024/04/26 11:20:02+00
76.30427717,9.980316833,1627,10.9,2024/04/26 11:20:03+00
76.30427667,9.980317,1628,10.9,2024/04/26 11:20:04+00
76.30427617,9.980317333,1629,11,2024/04/26 11:20:05+00
76.304276,9.980317333,1630,11,2024/04/26 11:20:06+00
76.30427567,9.980317833,1631,11.1,2024/04/26 11:20:07+00
76.30427533,9.980318,1632,11.1,2024/04/26 11:20:08+00
76.304275,9.9803185,1633,11.2,2024/04/26 11:20:09+00
76.30427467,9.980318833,1634,11.3,2024/04/26 11:20:10+00
76.30427433,9.980318833,1635,11.2,2024/04/26 11:20:11+00
76.304274,9.980318833,1636,11.3,2024/04/26 11:20:12+00
76.30427383,9.980319,1637,11.3,2024/04/26 11:20:13+00
76.3042735,9.980319,1638,11.3,2024/04/26 11:20:14+00
76.30427317,9.980318833,1639,11.3,2024/04/26 11:20:15+00
76.304273,9.980318833,1640,11.4,2024/04/26 11:20:16+00
76.30427283,9.980318833,1641,11.4,2024/04/26 11:20:17+00
76.304273,9.9803185,1642,11.3,2024/04/26 11:20:18+00
76.3042735,9.980318833,1643,11.4,2024/04/26 11:20:19+00
76.30427333,9.980318667,1644,11.4,2024/04/26 11:20:20+00
76.30427333,9.980318833,1645,11.5,2024/04/26 11:20:21+00
76.30427333,9.980319167,1646,11.5,2024/04/26 11:20:22+00
76.30427283,9.9803195,1647,11.6,2024/04/26 11:20:23+00
76.3042725,9.980319667,1648,11.6,2024/04/26 11:20:24+00
76.304272,9.9803195,1649,11.6,2024/04/26 11:20:25+00
76.30427167,9.980319333,1650,11.6,2024/04/26 11:20:26+00
76.3042715,9.980319,1651,11.5,2024/04/26 11:20:27+00
76.30427117,9.9803185,1652,11.6,2024/04/26 11:20:28+00
76.30427083,9.980318333,1653,11.6,2024/04/26 11:20:29+00
76.3042705,9.980318,1654,11.6,2024/04/26 11:20:30+00
76.30427017,9.980317667,1655,11.7,2024/04/26 11:20:31+00
76.30426983,9.980317333,1656,11.7,2024/04/26 11:20:32+00
76.30426967,9.980317167,1657,11.7,2024/04/26 11:20:33+00
76.30426933,9.980316833,1658,11.7,2024/04/26 11:20:34+00
76.30426917,9.980317,1659,11.8,2024/04/26 11:20:35+00
76.30426883,9.9803165,1660,11.7,2024/04/26 11:20:36+00
76.3042685,9.980316,1661,11.7,2024/04/26 11:20:37+00
76.30426833,9.9803155,1662,11.6,2024/04/26 11:20:38+00
76.30426783,9.980315333,1663,11.6,2024/04/26 11:20:39+00
76.3042675,9.980315,1664,11.5,2024/04/26 11:20:40+00
76.30426717,9.980314833,1665,11.5,2024/04/26 11:20:41+00
76.30426667,9.980314333,1666,11.4,2024/04/26 11:20:42+00
76.30426583,9.980313833,1667,11.3,2024/04/26 11:20:43+00
76.304265,9.9803135,1668,11.3,2024/04/26 11:20:44+00
76.30426417,9.9803135,1669,11.2,2024/04/26 11:20:45+00
76.3042635,9.980313,1670,11.2,2024/04/26 11:20:46+00
76.3042625,9.980313333,1671,11.2,2024/04/26 11:20:47+00
76.30426183,9.9803135,1672,11.3,2024/04/26 11:20:48+00
76.304261,9.980313667,1673,11.3,2024/04/26 11:20:49+00
76.30426017,9.980314,1674,11.4,2024/04/26 11:20:50+00
76.30425933,9.980314167,1675,11.5,2024/04/26 11:20:51+00
76.30425867,9.980314833,1676,11.7,2024/04/26 11:20:52+00
76.304258,9.980315167,1677,11.9,2024/04/26 11:20:53+00
76.30425733,9.980315667,1678,12,2024/04/26 11:20:54+00
76.30425683,9.980316167,1679,12.1,2024/04/26 11:20:55+00
76.30425633,9.9803165,1680,12.2,2024/04/26 11:20:56+00
76.30425783,9.980316833,1681,12.2,2024/04/26 11:20:57+00
76.30425833,9.980317333,1682,12.2,2024/04/26 11:20:58+00
76.30425867,9.980317667,1683,12.2,2024/04/26 11:20:59+00
76.304259,9.980318,1684,12.2,2024/04/26 11:21:00+00
76.30425933,9.980318,1685,12.1,2024/04/26 11:21:01+00
76.30425917,9.9803185,1686,12.1,2024/04/26 11:21:02+00
76.3042585,9.980318333,1687,12,2024/04/26 11:21:03+00
76.30425833,9.980318333,1688,12,2024/04/26 11:21:04+00
76.304258,9.980318667,1689,12,2024/04/26 11:21:05+00
76.304258,9.980318667,1690,12,2024/04/26 11:21:06+00
76.3042575,9.980319,1691,12,2024/04/26 11:21:07+00
76.3042575,9.9803195,1692,12.1,2024/04/26 11:21:08+00
76.30425683,9.980319667,1693,12.1,2024/04/26 11:21:09+00
76.30425617,9.98032,1694,12.2,2024/04/26 11:21:10+00
76.3042555,9.98032,1695,12.1,2024/04/26 11:21:11+00
76.30425467,9.980320833,1696,12.2,2024/04/26 11:21:12+00
76.30425383,9.980321667,1697,12.3,2024/04/26 11:21:13+00
76.30425333,9.980321667,1698,12.2,2024/04/26 11:21:14+00
76.30425267,9.980321167,1699,12.1,2024/04/26 11:21:15+00
76.30425217,9.980320833,1700,12.1,2024/04/26 11:21:16+00
76.30425183,9.980320333,1701,12,2024/04/26 11:21:17+00
76.304252,9.980320167,1702,12,2024/04/26 11:21:18+00
76.30425217,9.98032,1703,12,2024/04/26 11:21:19+00
76.30425283,9.980319833,1704,12,2024/04/26 11:21:20+00
76.304253,9.980320667,1705,12.1,2024/04/26 11:21:21+00
76.30425317,9.980320167,1706,12,2024/04/26 11:21:22+00
76.30425283,9.980320167,1707,11.9,2024/04/26 11:21:23+00
76.30425317,9.980320667,1708,12,2024/04/26 11:21:24+00
76.30425317,9.980321167,1709,12,2024/04/26 11:21:25+00
76.30425267,9.980321333,1710,12,2024/04/26 11:21:26+00
76.30425217,9.980321667,1711,12,2024/04/26 11:21:27+00
76.3042525,9.9803215,1712,11.9,2024/04/26 11:21:28+00
76.30425283,9.980321667,1713,12,2024/04/26 11:21:29+00
76.304253,9.980321833,1714,12.1,2024/04/26 11:21:30+00
